10.0.0.10	17.666808816563645
10.0.0.5	17.53542808373872
10.0.125.238	12.682673217023945
10.0.28.31	15.779835256535462
10.1.0.75	16.149615248031214
10.12.14.15	20.49925716152023
10.13.77.4	18.8367706748648
10.156.165.117	19.285405917009953
10.156.165.54	12.680690612326655
10.170.32.36	15.795154139802175
10.175.195.4	9.859901324373205
10.179.19.15	14.230852066800104
10.228.105.165	10.078154890393224
10.247.58.182	21.347891990040647
10.249.102.50	12.64276506605491
10.249.102.86	12.615662568215289
10.249.28.136	14.923741439298206
10.250.178.101	20.724336975073086
10.36.156.99	14.236887728390126
10.38.221.232	12.645584850277393
10.57.105.205	15.75553297974861
10.57.84.80	15.756601111404846
10.7.5.5	19.51682034805417
10.70.68.127	20.787619316277304
10.76.119.1	19.551816342512694
10.78.90.30	19.24576565918832
10.88.52.24	14.954250199945289
10.97.34.66	19.945386466257876
172.10.0.5	10.053070674075617
172.10.0.50	NULL
172.10.1.100	18.005323832878243
172.10.1.109	22.163493781907494
172.10.1.115	22.111827132128553
172.10.1.121	22.167707052515617
172.10.1.136	22.206271260948295
172.10.1.142	22.12224359341664
172.10.1.157	22.146550005367835
172.10.1.16	17.818167937727342
172.10.1.163	22.206186125985223
172.10.1.178	22.245488753261913
172.10.1.184	22.16981303783918
172.10.1.190	22.18745521402324
172.10.1.199	22.205127249648974
172.10.1.202	19.770716502733883
172.10.1.217	19.79267571181725
172.10.1.22	18.14514241025643
172.10.1.223	20.060113499470713
172.10.1.238	20.0316965308875
172.10.1.244	19.05102751864353
172.10.1.250	19.825670077478527
172.10.1.37	18.521810972549616
172.10.1.43	17.852506935399884
172.10.1.58	18.115735991804755
172.10.1.64	17.88264386263765
172.10.1.7	18.191737607508927
172.10.1.70	17.93959089705825
172.10.1.79	18.246479690442325
172.10.1.85	17.940648079636365
172.10.1.91	18.087432426913193
172.10.2.105	17.87180938980373
172.10.2.111	18.106258258931675
172.10.2.126	18.182031993406365
172.10.2.132	18.154971869507413
172.10.2.147	18.07840753819755
172.10.2.21	18.189350107228673
172.10.2.36	18.441355255752644
172.10.2.42	18.725876856292583
172.10.2.57	17.647498219025106
172.10.2.63	17.772588321516192
172.10.2.78	17.986287441327804
172.10.2.84	18.227289932383286
172.10.2.9	19.18963629695142
172.10.2.90	17.807878705328104
172.10.2.99	18.135383252792057
172.20.0.7	10.064330077652958
172.20.1.104	18.001453267399462
172.20.1.110	18.01199536132152
172.20.1.119	18.01849652782721
172.20.1.125	18.27807933711083
172.20.1.131	18.21259431310113
172.20.1.146	18.157431399917485
172.20.1.15	20.423210447085605
172.20.1.152	17.80033204568127
172.20.1.167	17.79833219284998
172.20.1.173	18.532409453552027
172.20.1.188	18.40893841182358
172.20.1.194	18.3586889717616
172.20.1.206	22.96760815374504
172.20.1.21	20.258220588985566
172.20.1.212	22.967477941980363
172.20.1.227	22.97047051189349
172.20.1.233	22.93245168696278
172.20.1.248	23.01890799182898
172.20.1.254	22.943032306191153
172.20.1.36	20.246316355422174
172.20.1.42	20.350365612170698
172.20.1.57	20.582103451358265
172.20.1.63	20.517897954397963
172.20.1.78	20.444104842108583
172.20.1.84	20.26600917560353
172.20.1.9	20.228064828977313
172.20.1.90	20.240613087830308
172.20.1.99	20.28048077625451
172.20.2.100	20.040593289373206
172.20.2.109	20.241831405907018
172.20.2.115	20.4505179772623
172.20.2.121	20.476189069939505
172.20.2.136	20.497989957585776
172.20.2.14	18.866835556230804
172.20.2.142	20.551133474356693
172.20.2.2	18.921883831254735
172.20.2.20	18.522675125532395
172.20.2.29	18.644726008600884
172.20.2.35	19.448334534125326
172.20.2.41	18.62277094870704
172.20.2.56	20.022458504191043
172.20.2.62	20.464617066873007
172.20.2.77	20.297171913402618
172.20.2.83	20.489538402164452
172.20.2.98	20.40078425529298
172.30.1.108	18.46410509979117
172.30.1.114	18.214534344147086
172.30.1.120	17.95087747863244
172.30.1.129	18.241692286207094
172.30.1.135	18.373215534143117
172.30.1.14	17.83460877212347
172.30.1.141	18.17767075530616
172.30.1.156	18.94781372897698
172.30.1.162	17.826761658134817
172.30.1.177	18.090519248648967
172.30.1.183	18.32038345516691
172.30.1.198	18.173143957105
172.30.1.2	18.55988766276522
172.30.1.20	18.048516399082647
172.30.1.201	20.84285840064119
172.30.1.216	20.78266282929876
172.30.1.222	20.805353777857704
172.30.1.237	20.999537094725046
172.30.1.243	21.12221584715312
172.30.1.29	17.723497107855696
172.30.1.35	18.142762595542138
172.30.1.41	17.393550765545598
172.30.1.56	18.208446049107348
172.30.1.62	18.184220479999748
172.30.1.77	18.178186341775632
172.30.1.83	17.855018503006963
172.30.1.98	18.16067990638994
172.30.2.104	18.443193695000602
172.30.2.110	18.04559016839409
172.30.2.119	18.59496003155184
172.30.2.125	18.72801832258443
172.30.2.13	20.460563442219325
172.30.2.131	18.843171679902685
172.30.2.146	18.721788018733907
172.30.2.28	20.192161324389737
172.30.2.34	20.08318791122227
172.30.2.4	19.58122972506037
172.30.2.40	20.353882285375672
172.30.2.49	18.283844719900337
172.30.2.55	18.281172899291647
172.30.2.61	17.79718946835742
172.30.2.76	18.336553041537393
172.30.2.82	18.276453554684085
172.30.2.97	18.152105174205314
192.168.3.16	NULL
10.0.0.11	17.646003413358116
10.0.0.6	17.63348370704673
10.1.0.76	15.52844072193712
10.100.1.6	20.835516474404304
10.15.7.85	22.55760682095067
10.18.6.123	20.671648554290854
10.185.219.126	10.073272520325904
10.247.106.144	15.661093692489468
10.247.58.129	15.727656338052155
10.38.217.48	21.292718996597227
10.38.37.13	14.925920974207694
10.57.81.124	12.720637270511018
10.57.84.109	19.500409471853235
10.62.237.197	10.204480639047581
10.76.119.87	15.719325431983542
10.76.187.67	19.074206661949823
10.76.187.88	12.685760481112178
10.98.107.5	18.178155780618365
172.10.0.6	9.47975663562107
172.10.1.101	22.202472179718146
172.10.1.116	22.06479446665559
172.10.1.122	22.207825189475574
172.10.1.137	22.112757739976054
172.10.1.143	22.18576422727823
172.10.1.158	22.243397133507862
172.10.1.164	22.14489926066955
172.10.1.17	17.79327444890016
172.10.1.170	22.233244461399067
172.10.1.179	22.117412722139896
172.10.1.185	22.185112441525792
172.10.1.191	22.24787947595347
172.10.1.203	19.51061759963954
172.10.1.218	19.482133074651905
172.10.1.224	19.67394640322041
172.10.1.23	17.71496515075205
172.10.1.230	20.262941301772475
172.10.1.239	19.250423847288953
172.10.1.245	19.75922790794856
172.10.1.251	19.88342389465959
172.10.1.38	17.679021996411187
172.10.1.44	17.75294351863102
172.10.1.50	17.870886043370014
172.10.1.59	17.837636605472913
172.10.1.65	18.0336289455443
172.10.1.71	18.120399487397844
172.10.1.8	17.62844577741
172.10.1.86	17.881921980672175
172.10.1.92	17.91793280764778
172.10.2.1	18.691585518829562
172.10.2.106	24.01676476242974
172.10.2.112	18.287437047082307
172.10.2.127	18.070367805187512
172.10.2.133	18.179574932826387
172.10.2.16	18.384166271224927
172.10.2.22	19.061537438357433
172.10.2.37	18.65384780364022
172.10.2.43	18.38385125833433
172.10.2.58	18.03227898533057
172.10.2.64	18.151446865626262
172.10.2.70	17.576261619359673
172.10.2.79	18.104390889962126
172.10.2.85	17.889087542475256
172.10.2.91	18.034133931057532
172.20.0.8	10.029238757841688
172.20.1.1	20.36547376210639
172.20.1.105	18.23119782571195
172.20.1.111	17.698438991379348
172.20.1.126	18.191321326607838
172.20.1.132	18.127757239161998
172.20.1.147	18.322601444673204
172.20.1.153	17.840924818170485
172.20.1.16	20.160710235741405
172.20.1.168	18.333031858342746
172.20.1.174	17.998369930342665
172.20.1.180	18.327237523294748
172.20.1.189	18.083895286282562
172.20.1.195	18.41428724905189
172.20.1.207	22.864751509874043
172.20.1.213	23.039489684544286
172.20.1.22	20.31751840898975
172.20.1.228	22.94865659128458
172.20.1.234	23.020880232568054
172.20.1.240	22.993661986706496
172.20.1.249	22.98410550210353
172.20.1.37	20.077701413838447
172.20.1.43	20.431393036982982
172.20.1.58	20.473770672943107
172.20.1.64	20.347783316998008
172.20.1.70	20.228420026485473
172.20.1.79	20.06917372697562
172.20.1.85	20.471516673610484
172.20.1.91	20.2249557905774
172.20.2.101	20.307111363091053
172.20.2.116	20.09754104891666
172.20.2.122	20.551451357379733
172.20.2.137	20.32758069963641
172.20.2.143	20.266408117940028
172.20.2.21	18.863853112829997
172.20.2.3	18.961887259136443
172.20.2.36	19.412570393397115
172.20.2.42	19.491559252113202
172.20.2.57	20.450396765591325
172.20.2.63	20.5479363366534
172.20.2.78	20.679932952152864
172.20.2.84	19.873342216600147
172.20.2.90	20.330766299876412
172.20.2.99	20.093742330429016
172.30.1.100	18.101940769370078
172.30.1.109	18.25814479078028
172.30.1.115	17.888901314538582
172.30.1.121	18.433868492076837
172.30.1.136	18.482200597870115
172.30.1.142	18.158202099943786
172.30.1.15	18.10640968325934
172.30.1.157	17.880840950605535
172.30.1.163	18.27137402982383
172.30.1.178	18.36550239672132
172.30.1.184	18.382253639808134
172.30.1.190	18.375230786077598
172.30.1.199	18.197134886723983
172.30.1.202	21.015903216061336
172.30.1.21	18.49507745370309
172.30.1.217	21.15018847414052
172.30.1.223	24.019230812670266
172.30.1.238	20.71737984945863
172.30.1.244	20.884490947020687
172.30.1.250	20.96231503059627
172.30.1.3	18.137268648824673
172.30.1.36	18.10136234536664
172.30.1.42	18.130279297352054
172.30.1.57	18.188275232803285
172.30.1.63	18.14882058888809
172.30.1.78	18.053391423445188
172.30.1.84	18.13553174057053
172.30.1.90	18.17034333109356
172.30.1.99	17.684655018120587
172.30.2.105	18.3626666311653
172.30.2.111	18.230102272466397
172.30.2.126	18.126071775857415
172.30.2.132	18.223296370391978
172.30.2.14	19.872785787762815
172.30.2.147	18.138074288734835
172.30.2.20	20.38671024045086
172.30.2.29	20.16473139739303
172.30.2.35	20.39470323909481
172.30.2.41	19.668113879804626
172.30.2.5	20.421011419076507
172.30.2.56	18.482963425721486
172.30.2.62	18.42869077780459
172.30.2.77	18.202477432035444
172.30.2.83	18.308980071912316
172.30.2.98	18.58208415048569
192.168.3.17	NULL
10.0.0.12	17.582930314783322
10.0.0.7	17.53912843514599
10.0.3.178	19.13747326207231
10.1.0.77	15.693254432582656
10.156.165.212	19.041557923024442
10.156.81.164	12.718902259964862
10.199.250.2	14.066023331672667
10.249.157.108	19.056398262123096
10.249.157.162	12.616571728565525
10.38.217.220	12.73399724501803
10.7.7.10	19.884200018798357
10.76.187.68	14.924974421408232
10.89.101.53	14.95403114385837
172.10.0.7	10.009198006958242
172.10.1.102	22.14625658668587
172.10.1.117	22.17308028679322
172.10.1.123	22.114528331428804
172.10.1.138	22.23013627709859
172.10.1.144	22.266802557722375
172.10.1.150	22.096469885049864
172.10.1.159	22.113693110804594
172.10.1.165	22.13142358436285
172.10.1.171	22.20344082586608
172.10.1.18	17.886573920667132
172.10.1.186	22.159057675602075
172.10.1.192	22.21352862614468
172.10.1.204	19.191600298465975
172.10.1.210	19.39466615496164
172.10.1.219	19.9341923780324
172.10.1.225	19.96104111988696
172.10.1.231	19.48443371553735
172.10.1.24	18.29354658248361
172.10.1.246	19.545267369792306
172.10.1.252	19.776672112189534
172.10.1.30	17.725637406823257
172.10.1.39	17.808728148938304
172.10.1.45	17.843681075642586
172.10.1.51	18.13762567041201
172.10.1.66	18.05036879443307
172.10.1.72	18.092945423085975
172.10.1.87	18.119983554451075
172.10.1.9	17.802819276023193
172.10.1.93	18.016457799039962
172.10.2.107	17.986505048116992
172.10.2.113	17.982531749409752
172.10.2.128	18.189356471601535
172.10.2.134	17.949565697311066
172.10.2.140	18.125666939921725
172.10.2.17	18.978246426142057
172.10.2.2	18.76996286821638
172.10.2.23	17.918443897483332
172.10.2.38	19.0329805744509
172.10.2.44	18.311137593259353
172.10.2.50	17.782272133994137
172.10.2.59	18.03602983955968
172.10.2.65	17.97002188033741
172.10.2.71	18.232666349664623
172.10.2.86	17.90739198916828
172.10.2.92	17.955941123469714
172.20.1.106	17.834424265717253
172.20.1.112	18.2729781902043
172.20.1.127	17.885323891656228
172.20.1.133	18.13622504781318
172.20.1.148	18.356810191673915
172.20.1.154	18.169756289621734
172.20.1.160	17.744200750918946
172.20.1.169	18.564438561738257
172.20.1.17	20.343810705031345
172.20.1.175	18.410505966012835
172.20.1.181	18.4839270179982
172.20.1.196	18.42894551643597
172.20.1.2	20.194082802255785
172.20.1.208	22.893777246113455
172.20.1.214	22.98514696678756
172.20.1.220	23.000059080077605
172.20.1.229	22.940993840406385
172.20.1.23	24.043743371897573
172.20.1.235	22.93057322898869
172.20.1.241	22.98094987255182
172.20.1.38	20.286089890452132
172.20.1.44	20.430640580399785
172.20.1.50	20.523413270059127
172.20.1.59	19.96824368245552
172.20.1.65	20.531234966144396
172.20.1.71	20.114627040835494
172.20.1.86	20.46608143330636
172.20.1.92	20.111850519402743
172.20.2.102	20.521469146456393
172.20.2.117	20.37075126948431
172.20.2.123	20.376283105685587
172.20.2.138	20.40118724620525
172.20.2.144	20.359907609538595
172.20.2.16	19.550174661805908
172.20.2.22	19.178685949290657
172.20.2.37	20.05201239969633
172.20.2.4	18.54846585829789
172.20.2.43	18.2251168896841
172.20.2.58	20.455259113102986
172.20.2.64	20.146621947296524
172.20.2.70	20.22666576517564
172.20.2.79	20.296259669183787
172.20.2.85	20.34912697551082
172.20.2.91	20.59119996192618
172.30.0.2	11.41155697058194
172.30.1.101	18.480144720716133
172.30.1.116	17.992885468107165
172.30.1.122	18.19090894928665
172.30.1.137	18.108180171320036
172.30.1.143	18.226002472444637
172.30.1.158	18.167499481362984
172.30.1.16	17.11229749103045
172.30.1.164	17.954322063801396
172.30.1.170	18.170989153871226
172.30.1.179	18.167032687735784
172.30.1.185	18.372730854153524
172.30.1.191	18.256119247481298
172.30.1.203	20.925653545134548
172.30.1.218	24.016201421040396
172.30.1.22	18.07602847994571
172.30.1.224	21.000809128724473
172.30.1.230	20.779000094991073
172.30.1.239	20.80743782309509
172.30.1.245	21.04822545336859
172.30.1.251	20.808980040470207
172.30.1.37	17.895176802162524
172.30.1.4	17.901584210316003
172.30.1.43	18.148276121359373
172.30.1.58	17.925209798110586
172.30.1.64	17.981525911731477
172.30.1.70	18.529198679708994
172.30.1.79	17.999325691710215
172.30.1.85	18.02634733791045
172.30.1.91	18.18102796215218
172.30.2.106	17.8067888965526
172.30.2.112	18.330527990730282
172.30.2.127	18.13458157804274
172.30.2.133	18.46735890799023
172.30.2.21	20.235314585154832
172.30.2.36	20.021420571485955
172.30.2.42	19.74111184285256
172.30.2.57	18.282930418418662
172.30.2.6	19.818113724680114
172.30.2.63	17.97852833169863
172.30.2.78	17.70794560585304
172.30.2.84	18.2393850288029
172.30.2.90	18.514784823983412
172.30.2.99	18.30546377936766
192.168.3.18	NULL
10.0.0.13	17.54456964032542
10.0.0.8	17.53780648528902
10.0.3.116	12.602873661891541
10.11.106.5	20.555567891231014
10.117.23.212	14.23543397253313
10.12.237.111	14.235054098241976
10.138.121.140	12.697440182639042
10.138.214.18	20.809213665485505
10.138.214.39	19.43089003322795
10.170.32.239	19.0719772865364
10.185.219.242	9.90752937336246
10.247.106.59	12.756959014139394
10.32.42.116	14.944881899159075
10.38.37.143	14.229111811030963
10.43.51.79	18.648466981301898
10.58.99.97	18.801152702480106
10.76.187.177	19.458354732237062
172.10.0.8	10.06296686708145
172.10.1.1	18.553239650115177
172.10.1.10	17.5627986038422
172.10.1.103	22.090158817050067
172.10.1.118	22.066804632276376
172.10.1.124	22.074353941150015
172.10.1.130	22.231729470992917
172.10.1.139	22.137519855366584
172.10.1.145	22.1693725552616
172.10.1.151	22.128426065906982
172.10.1.166	22.090897980370833
172.10.1.172	22.10744405586593
172.10.1.187	22.11111036119236
172.10.1.19	18.187252991056358
172.10.1.193	22.055232276747276
172.10.1.205	19.54282256584416
172.10.1.211	19.81809317217282
172.10.1.226	19.950534328640796
172.10.1.232	20.09102999286103
172.10.1.247	19.411977514597673
172.10.1.25	17.715034818488817
172.10.1.253	19.53804773521832
172.10.1.31	17.82282241569659
172.10.1.46	18.1609848721564
172.10.1.52	17.805556115000975
172.10.1.67	17.96440269448971
172.10.1.73	17.91069874756604
172.10.1.88	18.01819360728238
172.10.1.94	18.123368880202456
172.10.2.108	17.774358693384283
172.10.2.114	17.779620705599395
172.10.2.120	17.8025991797157
172.10.2.129	18.072339563256165
172.10.2.135	24.023308885880986
172.10.2.141	17.70475140971272
172.10.2.18	18.87404183879467
172.10.2.24	18.81077603253858
172.10.2.3	18.64181128652331
172.10.2.30	18.35946066801331
172.10.2.39	18.082192668893423
172.10.2.45	18.695772218937613
172.10.2.51	18.071069592583143
172.10.2.66	24.02297117423917
172.10.2.72	17.83472342677291
172.10.2.87	18.156573651642336
172.10.2.93	18.137138278160403
172.20.1.107	18.305968795177424
172.20.1.113	18.124352063764324
172.20.1.128	18.377714629532335
172.20.1.134	18.21450835187409
172.20.1.140	17.953218809861113
172.20.1.149	18.043725932284925
172.20.1.155	17.947711120491267
172.20.1.161	17.686891344378246
172.20.1.176	18.175742938869973
172.20.1.18	20.15025352520281
172.20.1.182	18.196311091283
172.20.1.197	18.002231211882176
172.20.1.200	18.10014550800495
172.20.1.209	22.975925204109863
172.20.1.215	23.03128856487062
172.20.1.221	23.035093917814265
172.20.1.236	22.978253657997097
172.20.1.24	20.162775952600004
172.20.1.242	22.91678445468955
172.20.1.3	20.319366832856904
172.20.1.30	20.26174891748785
172.20.1.39	20.240865784561592
172.20.1.45	20.397112834610276
172.20.1.51	20.326860026205292
172.20.1.66	20.491202458240405
172.20.1.72	20.10946521472735
172.20.1.87	20.47595155668062
172.20.1.93	20.104037314907206
172.20.2.103	20.268841075706373
172.20.2.118	20.735733013725618
172.20.2.124	20.39439672140781
172.20.2.130	20.32022018010413
172.20.2.139	20.38273852962809
172.20.2.145	20.46116072999471
172.20.2.17	18.800816399564
172.20.2.23	18.776022266279508
172.20.2.38	18.04938861617979
172.20.2.44	19.434213453960886
172.20.2.5	18.460865790064044
172.20.2.50	20.274616538716995
172.20.2.59	20.29556054472284
172.20.2.65	20.260539926344993
172.20.2.71	20.171576837595648
172.20.2.86	20.57993323183574
172.20.2.92	20.357183506262253
172.30.0.3	18.57098892224574
172.30.1.102	17.940980784872472
172.30.1.117	18.185156175684586
172.30.1.123	18.22128416312799
172.30.1.138	17.977362495536745
172.30.1.144	18.27913844668554
172.30.1.150	18.359314019345756
172.30.1.159	18.46375440955754
172.30.1.165	17.906721164473268
172.30.1.17	18.102803511626465
172.30.1.171	18.154409899729107
172.30.1.186	18.353317768462986
172.30.1.192	18.300556839348882
172.30.1.204	21.16201177247637
172.30.1.210	21.19730028899973
172.30.1.219	20.822774305228165
172.30.1.225	20.84815072883924
172.30.1.23	18.168769221732063
172.30.1.231	20.85180815053746
172.30.1.246	20.794541469883068
172.30.1.252	20.886039706544196
172.30.1.38	17.616476542301346
172.30.1.44	17.918276824539277
172.30.1.5	17.74761477933016
172.30.1.50	18.122905250543848
172.30.1.59	18.21351960326829
172.30.1.65	18.0174742033593
172.30.1.71	18.427607915601886
172.30.1.86	18.065558151634995
172.30.1.92	18.147788113231428
172.30.2.107	18.602041430925404
172.30.2.113	18.316851954602615
172.30.2.128	18.618700322853933
172.30.2.134	18.130514508521134
172.30.2.140	18.25499618560523
172.30.2.16	20.201908815507288
172.30.2.22	20.411781140347028
172.30.2.37	20.626915983068248
172.30.2.43	20.36355914332405
172.30.2.58	17.79789826682084
172.30.2.64	18.075272477680556
172.30.2.7	19.99495984779788
172.30.2.70	18.262508893377394
172.30.2.79	18.41270369170374
172.30.2.85	18.21402686265649
172.30.2.91	18.32961582426625
10.0.0.14	17.65382433019329
10.0.0.9	17.62564454843064
10.0.2.181	18.778576142832893
10.10.11.102	20.9337141370943
10.10.11.15	19.96848371311715
10.12.237.181	9.995610841411933
10.14.107.115	20.268325017435
10.17.15.10	20.74970361365653
10.170.121.55	12.63866642102659
10.170.148.209	19.01770109133738
10.170.148.64	14.920903141725686
10.18.37.65	18.768151524235932
10.200.20.2	20.749626834569135
10.227.178.16	10.189380525503447
10.247.58.85	12.713022769237767
10.249.28.194	12.70465765775126
10.3.1.25	14.404669059246212
10.38.217.21	12.70013453986898
10.51.105.69	9.237371711027214
10.6.6.6	21.208979820397175
10.77.24.4	18.81038899558537
10.78.100.150	21.33901673246534
10.78.221.103	12.697440182639042
10.78.90.9	19.12183902974768
10.9.81.5	19.84165441829633
172.10.0.9	10.035129661587844
172.10.1.104	22.209472339854166
172.10.1.11	17.793221242744693
172.10.1.110	22.16973363128894
172.10.1.119	22.093600110748365
172.10.1.125	22.253518659031418
172.10.1.131	22.085929874965355
172.10.1.146	22.167354714910942
172.10.1.152	22.196187268782236
172.10.1.167	22.220917709072623
172.10.1.173	22.161801166593833
172.10.1.188	22.222082819081827
172.10.1.194	22.198888904244264
172.10.1.2	18.612740959033413
172.10.1.206	19.66177661868577
172.10.1.212	19.86995396995308
172.10.1.227	19.5397492795941
172.10.1.233	18.99945157139299
172.10.1.248	19.518306105768346
172.10.1.254	19.0710345610372
172.10.1.26	17.725438209671285
172.10.1.32	18.13742399861398
172.10.1.47	17.956516448563423
172.10.1.53	18.089096911589948
172.10.1.68	18.13103811085695
172.10.1.74	17.829419132410578
172.10.1.80	17.980480407446287
172.10.1.89	17.830118183815586
172.10.1.95	17.889711220663454
172.10.2.10	19.14289699520445
172.10.2.100	18.14916600631025
172.10.2.109	18.222938688058054
172.10.2.115	18.039582258720333
172.10.2.121	18.04787544537712
172.10.2.136	17.702909545449383
172.10.2.142	18.521816314083907
172.10.2.19	18.6261968649931
172.10.2.25	18.104267152832268
172.10.2.31	18.969302033281163
172.10.2.4	19.25522808514444
172.10.2.46	18.1913316404657
172.10.2.52	18.02157776948388
172.10.2.67	18.269430274446485
172.10.2.73	17.78492708848044
172.10.2.88	18.363003769800905
172.10.2.94	17.567457295225733
172.20.0.2	12.731717913894443
172.20.1.10	20.392201227916082
172.20.1.108	17.820422979146706
172.20.1.114	17.986495600689175
172.20.1.120	18.067587264620187
172.20.1.129	18.40832209953872
172.20.1.135	17.730409464023015
172.20.1.141	17.70895830656885
172.20.1.156	18.024237550704072
172.20.1.162	18.212254374182304
172.20.1.177	18.214948064908434
172.20.1.183	17.869895687580385
172.20.1.19	20.169941887318224
172.20.1.198	18.428398793038287
172.20.1.201	22.922116324551645
172.20.1.216	22.95307512413591
172.20.1.222	22.984498674961138
172.20.1.237	22.97566300545906
172.20.1.243	23.089479760622606
172.20.1.25	20.212297467992812
172.20.1.31	20.074818213992703
172.20.1.4	20.214352902822803
172.20.1.46	20.392138838651125
172.20.1.52	20.865269096995863
172.20.1.67	20.39581255104386
172.20.1.73	20.074423157854046
172.20.1.88	20.251242551968378
172.20.1.94	20.3734584870075
172.20.2.104	20.32805611414767
172.20.2.110	20.244638139899727
172.20.2.119	20.43400229596557
172.20.2.125	20.31173080909217
172.20.2.131	20.341015214414984
172.20.2.146	20.412631506474987
172.20.2.18	19.60201699789266
172.20.2.24	19.483074094429355
172.20.2.30	19.43417596211704
172.20.2.39	18.92744160977157
172.20.2.45	18.770999847260637
172.20.2.51	20.25966244084309
172.20.2.6	19.477608704591976
172.20.2.66	20.341602207413448
172.20.2.72	20.078019739726358
172.20.2.87	20.35787559056429
172.20.2.93	20.473744232453228
172.30.0.4	18.904766367359287
172.30.1.103	18.192352914963326
172.30.1.118	18.316182911631795
172.30.1.124	17.699813857775478
172.30.1.130	18.05454915513463
172.30.1.139	18.2071751479745
172.30.1.145	18.39495333414398
172.30.1.151	18.71884299943511
172.30.1.166	17.956721244100706
172.30.1.172	18.571278393522288
172.30.1.18	18.149751266552823
172.30.1.187	18.3089796022774
172.30.1.193	17.72190376577908
172.30.1.205	21.094648789484786
172.30.1.211	21.039844685752833
172.30.1.226	20.939612554831644
172.30.1.232	20.70575831170744
172.30.1.24	18.05705646637474
172.30.1.247	20.984828897458794
172.30.1.253	21.079997332586068
172.30.1.30	17.858969882883084
172.30.1.39	18.08600809310491
172.30.1.45	18.324107187423643
172.30.1.51	17.937456652236637
172.30.1.6	17.8753880293132
172.30.1.66	18.13805741445684
172.30.1.72	18.06189606179449
172.30.1.87	18.24016105082661
172.30.1.93	18.032886580954763
172.30.2.108	18.28983442899252
172.30.2.114	17.96889291503112
172.30.2.120	18.678111033281805
172.30.2.129	18.136190266272585
172.30.2.135	18.23223218737129
172.30.2.141	18.407068364476697
172.30.2.17	20.416556975038425
172.30.2.23	20.079431674320233
172.30.2.38	20.52103473924522
172.30.2.44	20.27298594561066
172.30.2.50	18.498060234563336
172.30.2.59	17.95912670813532
172.30.2.65	18.18971140085277
172.30.2.71	18.334546894550027
172.30.2.8	20.304239534095597
172.30.2.86	18.03205266421327
172.30.2.92	17.937254975455183
10.0.0.42	20.840843521741974
10.0.125.25	12.66107049916883
10.1.55.43	18.759872771444083
10.10.6.2	20.212323793070528
10.12.15.152	20.574469555044907
10.138.214.211	15.758468353108595
10.138.235.166	12.678903524336679
10.138.235.95	19.360924064422765
10.16.5.15	20.980763351049628
10.170.148.135	19.34232890315022
10.2.6.49	20.88457557006082
10.206.5.2	19.863673391264157
10.247.119.132	12.713269693972148
10.38.217.2	12.811759257319874
10.45.245.101	10.171680948404047
10.47.56.7	19.866422226848716
10.57.105.222	19.123489589943247
10.57.105.44	14.92132849018268
10.6.6.7	20.64352898865979
10.7.6.3	21.046277466863103
10.72.42.35	10.038149555779524
10.76.193.98	12.679526565670702
10.78.100.151	12.742185826822913
10.78.221.93	19.611259121118454
10.83.101.25	18.806576848672158
172.10.0.40	16.05562943444685
172.10.1.105	22.097331980986585
172.10.1.111	22.06293559520045
172.10.1.12	17.910448627359475
172.10.1.126	22.0739690677009
172.10.1.132	22.143023557883286
172.10.1.147	22.15650615439603
172.10.1.153	22.205924170163716
172.10.1.168	22.09914642875462
172.10.1.174	22.24097247466841
172.10.1.180	22.313125450140912
172.10.1.189	22.168853300627823
172.10.1.195	22.143435740153738
172.10.1.207	19.513624573887913
172.10.1.213	19.947774076937712
172.10.1.228	19.756459187396487
172.10.1.234	19.964711478609267
172.10.1.240	19.812975362469135
172.10.1.249	19.056785848022557
172.10.1.27	18.298853526606113
172.10.1.3	17.866802079705135
172.10.1.33	17.894783308912753
172.10.1.48	17.58024555812049
172.10.1.54	17.99653339448124
172.10.1.60	18.02540891738048
172.10.1.69	17.74438556736809
172.10.1.75	18.68731924545579
172.10.1.81	17.766390614274748
172.10.1.96	17.809552661334788
172.10.2.101	18.411523615131273
172.10.2.11	18.50783584311347
172.10.2.116	17.5329699373177
172.10.2.122	17.905410289880965
172.10.2.137	17.6971366013931
172.10.2.143	18.36045269536537
172.10.2.26	18.46834144194352
172.10.2.32	18.689655663656556
172.10.2.47	19.169264277567457
172.10.2.5	18.215689156868752
172.10.2.53	17.977055969181947
172.10.2.68	17.897973529484183
172.10.2.74	18.21241611296671
172.10.2.80	18.37253328570323
172.10.2.89	18.093426437371043
172.10.2.95	18.04539398399162
172.20.0.3	17.383486437601125
172.20.1.100	20.429465261908142
172.20.1.109	18.09800318376394
172.20.1.11	20.253274601223875
172.20.1.115	17.74026378913113
172.20.1.121	18.184554974631638
172.20.1.136	18.350439186038056
172.20.1.142	17.84312005507811
172.20.1.157	18.185968672096983
172.20.1.163	18.356033214206906
172.20.1.178	18.126819419184212
172.20.1.184	18.08755933901883
172.20.1.190	17.788644259996538
172.20.1.199	18.379988147309845
172.20.1.202	22.962482961731748
172.20.1.217	22.903141217203693
172.20.1.223	22.90923364536966
172.20.1.238	23.033209464891428
172.20.1.244	22.952906354747203
172.20.1.250	22.97413384808347
172.20.1.26	20.330984304345762
172.20.1.32	20.179459111898204
172.20.1.47	24.038287120385572
172.20.1.5	20.472843069446423
172.20.1.53	20.544102819909813
172.20.1.68	20.238743536010386
172.20.1.74	20.199942340780442
172.20.1.80	20.318100333452303
172.20.1.89	20.271988723647656
172.20.1.95	20.155506771091254
172.20.2.10	19.14001728958036
172.20.2.105	20.449860288222435
172.20.2.111	20.559352667712677
172.20.2.126	20.09939254171866
172.20.2.132	20.40511959342372
172.20.2.147	20.270504946374064
172.20.2.19	19.386698842589134
172.20.2.25	19.087832312511797
172.20.2.31	19.88591247670231
172.20.2.46	18.805634607354328
172.20.2.52	20.359723991140477
172.20.2.67	20.408768687101894
172.20.2.7	19.59429728704084
172.20.2.73	20.416914389865013
172.20.2.88	20.439146696374525
172.20.2.94	20.220980006789212
172.30.0.5	10.013238416495247
172.30.1.10	18.242149044567917
172.30.1.104	17.88510301540971
172.30.1.110	18.254151029056068
172.30.1.119	17.400868692949967
172.30.1.125	18.133345971185065
172.30.1.131	18.217340604247752
172.30.1.146	18.176009845617617
172.30.1.152	18.95680118528837
172.30.1.167	18.3198890309582
172.30.1.173	18.583903006553417
172.30.1.188	17.96913923608295
172.30.1.19	18.07390559210742
172.30.1.194	17.896267120029595
172.30.1.206	20.952313053683564
172.30.1.212	20.922318513030007
172.30.1.227	20.974276080856832
172.30.1.233	20.79193274798069
172.30.1.248	21.269559244466024
172.30.1.25	18.040068606308267
172.30.1.254	20.88785974084506
172.30.1.31	17.763701699091374
172.30.1.46	18.215882876754932
172.30.1.52	18.308040495218513
172.30.1.67	18.279940377576516
172.30.1.7	17.84437569431452
172.30.1.73	18.32387568136733
172.30.1.88	17.973235486546535
172.30.1.94	18.183450932985757
172.30.2.100	18.50083279949336
172.30.2.109	18.17353815571856
172.30.2.115	18.093366926685363
172.30.2.121	18.28432026752718
172.30.2.136	18.059187840836984
172.30.2.142	18.2969145108653
172.30.2.18	19.857871753806318
172.30.2.24	19.99256734692311
172.30.2.30	20.33230664890277
172.30.2.39	20.737720974222565
172.30.2.45	20.169711711457488
172.30.2.51	18.502429159156275
172.30.2.66	17.922599399114564
172.30.2.72	18.416303206501013
172.30.2.87	18.58309551052537
172.30.2.9	20.407637693342927
172.30.2.93	18.20892588212176
10.0.125.6	14.945743922220197
10.13.77.49	21.590152968257495
10.145.103.224	10.017530268576788
10.152.106.91	10.273463642713988
10.156.165.120	21.355422515764023
10.170.32.110	21.34983379956273
10.175.195.108	10.351021877059864
10.247.106.242	12.705774630386225
10.247.119.127	12.710320684335775
10.27.59.101	14.94501667965373
10.33.0.15	14.946913959777122
10.38.221.184	15.82751926067341
10.40.164.25	10.097572976250325
10.40.88.233	10.171680948404047
10.47.55.6	19.672449226682076
10.51.88.253	14.235391260306749
10.6.6.13	20.931682536146955
10.76.193.186	14.924109810477923
10.89.54.12	20.030802386589688
172.10.0.2	12.732249828800601
172.10.1.106	22.081464077476706
172.10.1.112	22.19747699037708
172.10.1.127	22.20636688527191
172.10.1.13	17.76944937227957
172.10.1.133	22.087221346275072
172.10.1.148	22.041667552002185
172.10.1.154	22.132132641514907
172.10.1.160	22.20088474190161
172.10.1.169	22.180800558423655
172.10.1.175	22.210158474165322
172.10.1.181	22.248668072237656
172.10.1.196	22.109917071879266
172.10.1.208	19.92713322021528
172.10.1.214	19.721453907213974
172.10.1.220	19.60830651156577
172.10.1.229	19.660087951436644
172.10.1.235	19.048044356625603
172.10.1.241	19.451491344250275
172.10.1.28	17.947995891437902
172.10.1.34	17.937243105124917
172.10.1.4	17.884360783801352
172.10.1.40	17.816590322161836
172.10.1.49	17.75440919633707
172.10.1.55	18.199203815550323
172.10.1.61	18.331895649400824
172.10.1.76	17.855824486209738
172.10.1.82	17.88737802568897
172.10.1.97	18.02455050506248
172.10.2.102	18.249409803564472
172.10.2.117	17.87669143415191
172.10.2.12	18.695624864568448
172.10.2.123	17.906214835716863
172.10.2.138	17.84111162831603
172.10.2.144	17.776802831820696
172.10.2.27	18.65670766708131
172.10.2.33	18.633093372310647
172.10.2.48	17.85219544544205
172.10.2.54	17.582154064048154
172.10.2.6	18.98935846823539
172.10.2.60	17.58403268590272
172.10.2.69	17.741032106739294
172.10.2.75	18.053972318274955
172.10.2.81	17.568565287562567
172.10.2.96	18.073576539736436
172.20.0.4	14.662883701231936
172.20.1.101	18.1947317610925
172.20.1.116	18.030956865052563
172.20.1.12	20.23926356389129
172.20.1.122	17.827832026453326
172.20.1.137	18.3361760263019
172.20.1.143	18.147753114074415
172.20.1.158	18.185916976176777
172.20.1.164	18.19509443653733
172.20.1.170	17.795567599343464
172.20.1.179	17.829518038633545
172.20.1.185	18.71252233609524
172.20.1.191	18.111821108212972
172.20.1.203	22.964726789804267
172.20.1.218	22.949618085844495
172.20.1.224	22.984146731809673
172.20.1.230	22.915026919538818
172.20.1.239	22.9897536477222
172.20.1.245	22.893164311022698
172.20.1.251	22.930805709771228
172.20.1.27	20.366774037664243
172.20.1.33	20.347955065364527
172.20.1.48	20.31124862611687
172.20.1.54	20.407126544821487
172.20.1.6	20.41663317634998
172.20.1.60	20.324742480531647
172.20.1.69	20.306069916623443
172.20.1.75	20.39121259855459
172.20.1.81	24.03949374584015
172.20.1.96	20.334123397802987
172.20.2.106	20.359082594721457
172.20.2.11	18.989669762728848
172.20.2.112	20.537516356730606
172.20.2.127	20.263333030304324
172.20.2.133	20.22641143455624
172.20.2.26	19.604440268455914
172.20.2.32	19.54286945502261
172.20.2.47	18.557027312747355
172.20.2.53	20.537510115754237
172.20.2.68	20.301663788952972
172.20.2.74	20.389156594454214
172.20.2.8	19.195469937230868
172.20.2.80	20.41643299485308
172.20.2.89	20.396187902563696
172.20.2.95	20.5869013915865
172.30.0.6	9.95018028052811
172.30.1.105	18.1018333866232
172.30.1.11	18.467396233662775
172.30.1.111	18.603717628171974
172.30.1.126	18.431291896019054
172.30.1.132	17.747189415211725
172.30.1.147	18.660351950003314
172.30.1.153	18.23101614086291
172.30.1.168	18.164335839731606
172.30.1.174	17.92257492932347
172.30.1.180	18.266413253969734
172.30.1.189	18.17076319672154
172.30.1.195	17.93269147440934
172.30.1.207	20.556395393329286
172.30.1.213	21.222982450115047
172.30.1.228	20.757018890230086
172.30.1.234	20.905968782669028
172.30.1.240	20.726418577831826
172.30.1.249	20.973027317361066
172.30.1.26	17.921589255154167
172.30.1.32	18.074539779464143
172.30.1.47	18.21716502524687
172.30.1.53	18.424321458501
172.30.1.68	18.213586731980705
172.30.1.74	17.858033861889
172.30.1.8	18.133287189875155
172.30.1.80	18.47847105643564
172.30.1.89	17.729125176104652
172.30.1.95	17.641577752732942
172.30.2.1	19.922973259887232
172.30.2.10	19.954554767977758
172.30.2.101	18.40216633514633
172.30.2.116	18.43095770462452
172.30.2.122	18.32864127453861
172.30.2.137	18.121940366537398
172.30.2.143	18.2651924298912
172.30.2.19	19.576568592191187
172.30.2.25	20.53430987427041
172.30.2.31	20.018061688390635
172.30.2.46	20.40907652736859
172.30.2.52	18.137064952960973
172.30.2.67	18.145859679711272
172.30.2.73	18.583388204177105
172.30.2.88	18.464396598417935
172.30.2.94	17.6913365861386
firstSeenSrcIp	NULL
10.0.3.77	18.835909485618856
10.1.0.100	14.633923376225459
10.11.6.15	19.8469020639676
10.138.121.19	19.47847539225741
10.138.214.213	19.32054514737336
10.138.235.111	21.275585580218046
10.149.59.251	10.11662117122102
10.149.59.54	14.23221757172459
10.156.215.223	12.766276831753938
10.156.215.83	12.710157601957672
10.170.121.155	19.229563492202633
10.170.148.52	14.922934575729139
10.179.19.82	10.20876393338886
10.205.221.98	10.345284589891683
10.247.106.27	21.43610344046865
10.41.9.89	14.955472062147223
10.51.88.167	14.237314130143128
10.57.84.160	19.265880363141754
10.6.6.14	20.97242173060008
10.62.15.101	18.772889228093398
10.76.193.130	12.719656461983085
10.76.193.22	19.60974842273821
10.78.100.174	12.706744897831646
10.78.90.190	12.625894204854957
172.0.0.1	NULL
172.10.0.3	18.73951827050292
172.10.1.107	22.04141177600298
172.10.1.113	22.23546164649397
172.10.1.128	22.115544554283982
172.10.1.134	22.186620687729484
172.10.1.14	17.747078059336353
172.10.1.140	22.105327017286147
172.10.1.149	22.134012023864983
172.10.1.155	22.125341869792
172.10.1.161	22.219364910037957
172.10.1.176	22.11257603236297
172.10.1.182	22.19504815121404
172.10.1.197	22.2088951955962
172.10.1.20	17.872097436283685
172.10.1.200	22.15303520511456
172.10.1.209	19.85175152493621
172.10.1.215	19.82885274470717
172.10.1.221	19.901592831549742
172.10.1.236	18.58873443883872
172.10.1.242	19.537374797729367
172.10.1.29	17.92688519836758
172.10.1.35	17.8521004874668
172.10.1.41	17.842472130715127
172.10.1.5	17.743206990990924
172.10.1.56	17.982297061233055
172.10.1.62	17.878213203267233
172.10.1.77	17.723762722700656
172.10.1.83	18.052180281952523
172.10.1.98	17.98053418702434
172.10.2.103	17.68904920946013
172.10.2.118	17.90696942724324
172.10.2.124	17.84687992752491
172.10.2.13	18.95813684387668
172.10.2.130	18.068248145669383
172.10.2.139	17.9321313848638
172.10.2.145	17.851431518097904
172.10.2.28	17.874741748346246
172.10.2.34	18.499732819573495
172.10.2.40	18.715893256335075
172.10.2.49	18.01631669445663
172.10.2.55	17.677963919507594
172.10.2.61	18.518560428840132
172.10.2.7	18.814960515434915
172.10.2.76	17.80972042610635
172.10.2.82	17.49278164494225
172.10.2.97	17.52388661216068
172.20.0.5	10.109281465515226
172.20.1.102	18.21792956021903
172.20.1.117	18.11677030093165
172.20.1.123	17.68357519726336
172.20.1.13	20.099870279415317
172.20.1.138	17.97632870537928
172.20.1.144	18.089448639823974
172.20.1.150	17.910826181886645
172.20.1.159	18.445234927449675
172.20.1.165	18.437810341100192
172.20.1.171	18.316759902577125
172.20.1.186	18.163001077600757
172.20.1.192	18.132363669929756
172.20.1.204	23.005284123081438
172.20.1.210	22.940245431186195
172.20.1.219	22.943410408691616
172.20.1.225	22.983311640880316
172.20.1.231	22.989782981804385
172.20.1.246	22.973292746233387
172.20.1.252	23.006187642620013
172.20.1.28	20.21472338475941
172.20.1.34	20.09739605088381
172.20.1.40	20.48496312901969
172.20.1.49	20.191637703568485
172.20.1.55	20.523092386282016
172.20.1.61	20.348500091073493
172.20.1.7	20.384194527259098
172.20.1.76	20.12387372399402
172.20.1.82	20.432882752042474
172.20.1.97	20.125043110899263
172.20.2.107	20.424943840726915
172.20.2.113	20.48836117410483
172.20.2.12	18.877023588115676
172.20.2.128	20.28512711466277
172.20.2.134	20.46993405302842
172.20.2.140	20.576543002578763
172.20.2.27	18.815944178156677
172.20.2.33	19.5080051501772
172.20.2.48	20.11832066562546
172.20.2.54	20.389803770214474
172.20.2.60	20.586176040706626
172.20.2.69	20.476266635097602
172.20.2.75	20.343894712220465
172.20.2.81	20.22588996671078
172.20.2.9	19.47345227068499
172.20.2.96	20.293068789199577
172.30.0.7	10.014223594130794
172.30.1.106	18.18189699489996
172.30.1.112	18.03025679827797
172.30.1.12	18.00289192996337
172.30.1.127	18.343626920112055
172.30.1.133	18.41422706368497
172.30.1.148	18.492292279743115
172.30.1.154	18.057386181460544
172.30.1.160	18.979854428460182
172.30.1.169	18.28880126616492
172.30.1.175	18.299025871149045
172.30.1.181	18.39913993769801
172.30.1.196	18.008985463562244
172.30.1.208	20.89611506757475
172.30.1.214	20.802110955796635
172.30.1.220	20.8272858998988
172.30.1.229	20.87920661844234
172.30.1.235	20.933721546537367
172.30.1.241	21.10653467026863
172.30.1.27	17.738987634348636
172.30.1.33	17.92710884820224
172.30.1.48	18.131229547523187
172.30.1.54	17.99281409449466
172.30.1.60	17.83043637336433
172.30.1.69	18.237311730767455
172.30.1.75	18.20744684197077
172.30.1.81	17.896779759008382
172.30.1.9	17.756484608171274
172.30.1.96	18.143198502579118
172.30.2.102	18.3634169563255
172.30.2.11	20.353231511094588
172.30.2.117	18.30885353087157
172.30.2.123	18.049410447015113
172.30.2.138	18.179340087551157
172.30.2.144	18.538162391973835
172.30.2.2	20.372737924097702
172.30.2.26	20.023688531372013
172.30.2.32	20.420656938337412
172.30.2.47	19.93766620318903
172.30.2.53	17.827440091059962
172.30.2.68	18.15575437208904
172.30.2.74	17.73201882953057
172.30.2.80	18.135908912637806
172.30.2.89	18.29140131604308
172.30.2.95	17.619013305447023
10.0.3.169	19.35683406603077
10.117.23.184	10.018600359636633
10.138.235.56	12.621554088913827
10.138.78.210	10.058352263097044
10.138.78.75	14.230852726914692
10.145.238.216	10.189380525503447
10.156.215.101	12.657893210279598
10.156.81.176	12.652257342915355
10.170.32.181	21.270034890974422
10.179.19.229	9.94798279242268
10.205.221.170	10.226114382335288
10.228.106.160	10.273463642713988
10.27.200.49	18.68579697980906
10.36.156.148	9.974970654157993
10.36.218.250	10.038149555779524
10.38.37.229	14.922606756280693
10.38.37.74	12.635091506592074
10.39.231.243	10.017530268576788
10.45.164.150	10.240673819890999
10.57.81.245	19.025040043200168
10.57.84.113	19.163077978154462
10.77.101.2	18.83141726040858
10.78.100.154	19.240233228018305
10.78.90.179	12.717320180279208
10.88.25.4	14.95062351766908
172.10.0.4	16.09798038879695
172.10.1.108	22.154340124111698
172.10.1.114	22.126637845632178
172.10.1.120	22.260512728547162
172.10.1.129	22.126385348790933
172.10.1.135	22.06914472611288
172.10.1.141	22.212196875693184
172.10.1.15	18.038123613017245
172.10.1.156	22.117245347014137
172.10.1.162	22.282542528692495
172.10.1.177	22.147321860784526
172.10.1.183	22.094093655606947
172.10.1.198	22.206023157710007
172.10.1.201	19.172699457625143
172.10.1.21	17.98915712283643
172.10.1.216	19.87745906233807
172.10.1.222	19.02645365986874
172.10.1.237	20.04441749302618
172.10.1.243	19.665724553392845
172.10.1.36	17.923249793005617
172.10.1.42	17.98639570257174
172.10.1.57	17.74950949401981
172.10.1.6	18.360641663797946
172.10.1.63	17.75102887413706
172.10.1.78	17.779722744353727
172.10.1.84	17.84175137117001
172.10.1.90	17.997600684538938
172.10.1.99	17.90085850506841
172.10.2.104	18.094026991869214
172.10.2.110	18.219946945388145
172.10.2.119	17.587030772656874
172.10.2.125	17.923674211849686
172.10.2.131	18.555508428527318
172.10.2.14	18.605276221760516
172.10.2.146	17.706045254533056
172.10.2.20	18.97818479516907
172.10.2.29	19.037008195791113
172.10.2.35	18.993226436372577
172.10.2.41	18.923317268386015
172.10.2.56	17.68713914411551
172.10.2.62	18.601417879547043
172.10.2.77	17.603924031625983
172.10.2.8	18.078531897827286
172.10.2.83	18.35944455078929
172.10.2.98	18.343397026761917
172.20.0.15	14.638506797171145
172.20.0.6	10.084391438242461
172.20.1.103	18.07576047094835
172.20.1.118	18.067684240533932
172.20.1.124	18.21737947601077
172.20.1.130	17.989576345420737
172.20.1.139	17.653986738381573
172.20.1.14	20.399869340213133
172.20.1.145	18.015011875086387
172.20.1.151	18.04182773187624
172.20.1.166	18.056704193761707
172.20.1.172	18.43929912128167
172.20.1.187	18.02002902786374
172.20.1.193	18.473876712107636
172.20.1.20	20.264842384286872
172.20.1.205	22.976417756034568
172.20.1.211	22.933162073504064
172.20.1.226	23.006456952655487
172.20.1.232	22.997317116971885
172.20.1.247	22.92514843837997
172.20.1.253	22.939732292449403
172.20.1.29	20.323643708835043
172.20.1.35	20.495855409198445
172.20.1.41	20.26691684378915
172.20.1.56	20.51761092399436
172.20.1.62	20.414457309565194
172.20.1.77	20.23022109060059
172.20.1.8	20.092785778173077
172.20.1.83	20.261046469963734
172.20.1.98	20.414637119299446
172.20.2.1	18.98485528496479
172.20.2.108	20.41576972041328
172.20.2.114	20.409466283694854
172.20.2.120	20.22375885169796
172.20.2.129	20.37688622940324
172.20.2.13	20.033047475206335
172.20.2.135	20.271811259010462
172.20.2.141	20.284648141274083
172.20.2.28	19.50391465926345
172.20.2.34	18.747228199608294
172.20.2.40	19.322477856932526
172.20.2.49	20.48284026176942
172.20.2.55	20.43409494074637
172.20.2.61	20.366957054533792
172.20.2.76	20.232456954807393
172.20.2.82	20.49262030476015
172.20.2.97	20.367236507410986
172.30.0.8	10.013238416495247
172.30.1.1	17.736952763121412
172.30.1.107	18.3701500324088
172.30.1.113	18.597384718301168
172.30.1.128	18.127486400142917
172.30.1.13	18.320539948488495
172.30.1.134	17.870789897610475
172.30.1.140	18.190795896072316
172.30.1.149	18.35096490761787
172.30.1.155	18.77025619301072
172.30.1.161	17.951159430373725
172.30.1.176	18.370025887824994
172.30.1.182	18.191003444114916
172.30.1.197	18.42914563545291
172.30.1.200	17.76006882478514
172.30.1.209	20.819974236966917
172.30.1.215	21.26250325024067
172.30.1.221	20.837342296172224
172.30.1.236	21.100771602741418
172.30.1.242	21.086884610799686
172.30.1.28	18.00970036465835
172.30.1.34	17.456195018259763
172.30.1.40	18.330205666180078
172.30.1.49	18.193816692653378
172.30.1.55	18.171960184397715
172.30.1.61	18.134222708727936
172.30.1.76	17.806148181061438
172.30.1.82	18.349961551086896
172.30.1.97	18.45866139046381
172.30.2.103	18.235475413076035
172.30.2.118	18.131875587744716
172.30.2.12	19.693052348940117
172.30.2.124	18.264597239088328
172.30.2.130	17.929047839304147
172.30.2.139	18.571601223724887
172.30.2.145	18.305201798091243
172.30.2.27	20.38959216807885
172.30.2.3	19.60205253876037
172.30.2.33	19.953899643399343
172.30.2.48	18.448543535965765
172.30.2.54	18.26616373703553
172.30.2.60	18.745244751072846
172.30.2.69	18.549925882450108
172.30.2.75	17.880818662998898
172.30.2.81	18.260757349020942
172.30.2.96	18.630914967296242
192.168.3.15	NULL
