10.0.0.10	21.15450971877783	17.666808816563645	8.025516386489008
10.0.0.5	21.080803933461755	17.53542808373872	7.976938756959434
10.0.125.238	12.558938343494946	12.682673217023945	6.455198563340122
10.0.28.31	14.674838903842591	15.779835256535462	8.535818655539403
10.1.0.75	19.693828405604826	16.149615248031214	6.962243464266207
10.12.14.15	19.742779874337124	20.49925716152023	14.089923483379946
10.13.77.4	16.339537595360294	18.8367706748648	9.05742226555147
10.156.165.117	15.738353405038914	19.285405917009953	8.602269363771356
10.156.165.54	12.556708390159606	12.680690612326655	6.455198563340122
10.170.32.36	14.696302601349519	15.795154139802175	8.558527054909215
10.175.195.4	9.815421073667677	9.859901324373205	3.713572066704308
10.179.19.15	14.751410957342594	14.230852066800104	7.201916317531627
10.228.105.165	10.03661886513931	10.078154890393224	3.9318256327243257
10.247.58.182	19.705661677782178	21.347891990040647	13.940105009832388
10.249.102.50	12.512726117551127	12.64276506605491	6.408528791059498
10.249.102.86	12.491529744563369	12.615662568215289	6.38856140554563
10.249.28.136	15.103336707943999	14.923741439298206	8.159660737063376
10.250.178.101	19.97360039031409	20.724336975073086	14.322581140378768
10.36.156.99	14.756553607963463	14.236887728390126	7.207118856207756
10.38.221.232	12.518113128391535	12.645584850277393	6.415096959171596
10.57.105.205	14.667433847399396	15.75553297974861	8.529516941105069
10.57.84.80	14.666951253518375	15.756601111404846	8.52872642722991
10.7.5.5	23.12501339805401	19.51682034805417	8.807621489536043
10.70.68.127	20.039857067756582	20.787619316277304	14.389938389663405
10.76.119.1	15.96485414104415	19.551816342512694	8.74814616962193
10.78.90.30	15.700744735670503	19.24576565918832	8.574895901544526
10.88.52.24	15.119888269177142	14.954250199945289	8.174984532943087
10.97.34.66	19.185051314542193	19.945386466257876	13.527540444032528
172.10.0.5	10.668048006379243	10.053070674075617	6.0844994130751715
172.10.0.50	12.604026279687803	NULL	7.29505641646263
172.10.1.100	15.615538746909904	18.005323832878243	9.238441802087058
172.10.1.109	18.480416566197572	22.163493781907494	8.952087643548404
172.10.1.115	18.420417509309168	22.111827132128553	8.950014029534257
172.10.1.121	18.48085342365835	22.167707052515617	8.971702399703325
172.10.1.136	18.509732791523387	22.206271260948295	8.967504187316237
172.10.1.142	18.448355831369064	22.12224359341664	8.93353229607628
172.10.1.157	18.451378062886292	22.146550005367835	8.966866554188723
172.10.1.16	15.568178132408272	17.818167937727342	9.236300473645715
172.10.1.163	18.5176685248876	22.206186125985223	8.973097896282471
172.10.1.178	18.56151570174487	22.245488753261913	8.966866554188723
172.10.1.184	18.480516339275134	22.16981303783918	8.976893927666076
172.10.1.190	18.50408908613408	22.18745521402324	8.987071812848821
172.10.1.199	18.521620610925048	22.205127249648974	8.994544758324512
172.10.1.202	16.31199575030286	19.770716502733883	9.014568767457824
172.10.1.217	16.3420085062823	19.79267571181725	9.011767474596178
172.10.1.22	15.657196212511984	18.14514241025643	9.241839039035554
172.10.1.223	16.550314660374955	20.060113499470713	9.015419779605713
172.10.1.238	16.53588806465575	20.0316965308875	9.051344640485725
172.10.1.244	15.897985868111347	19.05102751864353	9.002208578282412
172.10.1.250	16.36660436913537	19.825670077478527	8.997642078523512
172.10.1.37	15.776703752622183	18.521810972549616	9.240287448344136
172.10.1.43	15.578877582824246	17.852506935399884	9.24009333012553
172.10.1.58	15.646136831573441	18.115735991804755	9.241645221804594
172.10.1.64	15.589022210551377	17.88264386263765	9.237566358229774
172.10.1.7	15.666151326382964	18.191737607508927	9.24009333012553
172.10.1.70	15.598198505073622	17.93959089705825	9.237079669165805
172.10.1.79	15.68899839027325	18.246479690442325	9.24319470884713
172.10.1.85	15.621928399718197	17.940648079636365	9.245224773829685
172.10.1.91	15.641153284256221	18.087432426913193	9.244161920451694
172.10.2.105	15.32233728298278	17.87180938980373	8.954802752850968
172.10.2.111	15.38865474942104	18.106258258931675	8.948455992345542
172.10.2.126	15.411218037955107	18.182031993406365	8.941545475242885
172.10.2.132	15.429016186014177	18.154971869507413	8.95531908176395
172.10.2.147	15.398690322997627	18.07840753819755	8.982686665184087
172.10.2.21	14.539246107667202	18.189350107228673	6.606650186198215
172.10.2.36	14.821360052816877	18.441355255752644	6.590301048196686
172.10.2.42	14.97402061612036	18.725876856292583	6.692083742506628
172.10.2.57	15.2508186296938	17.647498219025106	8.935245415029874
172.10.2.63	15.293770648808554	17.772588321516192	8.958540111412168
172.10.2.78	15.353397687386176	17.986287441327804	8.94884572927805
172.10.2.84	15.454708417457487	18.227289932383286	8.943767262734637
172.10.2.9	15.474346069089716	19.18963629695142	6.720220155135295
172.10.2.90	15.325066917772807	17.807878705328104	8.99949587624899
172.10.2.99	15.414174842729372	18.135383252792057	8.969414650866176
172.20.0.7	10.253651344859204	10.064330077652958	5.652489180268651
172.20.1.104	14.45826088431934	18.001453267399462	6.555356891810665
172.20.1.110	14.4585495311173	18.01199536132152	6.608000625296087
172.20.1.119	14.466259502387596	18.01849652782721	6.625392368007956
172.20.1.125	14.6867131248065	18.27807933711083	6.565264970035361
172.20.1.131	14.62348529995496	18.21259431310113	6.495265555937008
172.20.1.146	14.630195936945425	18.157431399917485	6.7226297948554485
172.20.1.15	16.789447530165216	20.423210447085605	8.291797105048733
172.20.1.152	14.290496753584295	17.80033204568127	6.618738983517219
172.20.1.167	14.254185400720118	17.79833219284998	6.483107351457199
172.20.1.173	14.948223100787642	18.532409453552027	6.682108597449809
172.20.1.188	14.855391431568561	18.40893841182358	6.6293632534374485
172.20.1.194	14.727034345993935	18.3586889717616	6.672032945461067
172.20.1.206	19.172616942638644	22.96760815374504	9.323936878558722
172.20.1.21	16.65717748138366	20.258220588985566	8.279189777195004
172.20.1.212	19.170195493216667	22.967477941980363	9.330077053578517
172.20.1.227	19.170689370928464	22.97047051189349	9.327056171672144
172.20.1.233	19.139891864695727	22.93245168696278	9.316590491818841
172.20.1.248	19.22812897620357	23.01890799182898	9.344521553442203
172.20.1.254	19.147513075441704	22.943032306191153	9.329988334242078
172.20.1.36	16.621029637506453	20.246316355422174	8.317766166719343
172.20.1.42	16.745966491592675	20.350365612170698	8.305731144875866
172.20.1.57	16.9189544761051	20.582103451358265	8.365905077202456
172.20.1.63	16.863415554095464	20.517897954397963	8.349484346990128
172.20.1.78	16.82749593139477	20.444104842108583	8.360773272144936
172.20.1.84	16.64526640233942	20.26600917560353	8.323608442343572
172.20.1.9	16.60237964124793	20.228064828977313	8.239329427901795
172.20.1.90	16.607873046789653	20.240613087830308	8.245909264774093
172.20.1.99	16.65699273841634	20.28048077625451	8.293799608846818
172.20.2.100	16.45626295014891	20.040593289373206	8.294799358992574
172.20.2.109	16.622581017706054	20.241831405907018	8.329658067569396
172.20.2.115	16.801168960034268	20.4505179772623	8.323122887587735
172.20.2.121	16.843373711479636	20.476189069939505	8.254788926148725
172.20.2.136	16.854386417059395	20.497989957585776	8.355144739461839
172.20.2.14	15.231519777109536	18.866835556230804	6.849066282633458
172.20.2.142	16.89403484868224	20.551133474356693	8.33423142973486
172.20.2.2	15.267592191457265	18.921883831254735	6.775366090936392
172.20.2.20	14.895226768296496	18.522675125532395	6.782192056006791
172.20.2.29	14.995739699304707	18.644726008600884	6.732210706467206
172.20.2.35	15.711546405385452	19.448334534125326	6.804614520062624
172.20.2.41	15.033807776245027	18.62277094870704	6.787844982309579
172.20.2.56	16.45584706907791	20.022458504191043	8.268475388982598
172.20.2.62	16.811538437822417	20.464617066873007	8.279189777195004
172.20.2.77	16.666203533364968	20.297171913402618	8.262558973010657
172.20.2.83	16.84881646783105	20.489538402164452	8.326758814511733
172.20.2.98	16.76118493161135	20.40078425529298	8.326274787396764
172.30.1.108	15.278597427500934	18.46410509979117	8.416709652837914
172.30.1.114	15.160995424485785	18.214534344147086	8.42463920980563
172.30.1.120	15.038677569242147	17.95087747863244	8.408939605975984
172.30.1.129	15.183862410693633	18.241692286207094	8.423761246623686
172.30.1.135	15.231400128429954	18.373215534143117	8.39931015075952
172.30.1.14	15.02258973252248	17.83460877212347	8.45765547870004
172.30.1.141	15.118625463623765	18.17767075530616	8.384347278082808
172.30.1.156	15.620573147003356	18.94781372897698	8.44741429680832
172.30.1.162	14.96668714961286	17.826761658134817	8.378850241794492
172.30.1.177	15.12692187741088	18.090519248648967	8.447199819595703
172.30.1.183	15.243061059349516	18.32038345516691	8.450198322591959
172.30.1.198	15.136087837049791	18.173143957105	8.400434630806041
172.30.1.2	15.4071950061328	18.55988766276522	8.483636407887394
172.30.1.20	15.104802708602964	18.048516399082647	8.464003362902119
172.30.1.201	17.232139163500683	20.84285840064119	9.005527777346696
172.30.1.216	17.14942296599414	20.78266282929876	8.983816112502495
172.30.1.222	17.176257612140535	20.805353777857704	8.990067695753655
172.30.1.237	17.364521180240576	20.999537094725046	9.024492605405669
172.30.1.243	17.44248519303388	21.12221584715312	9.02437217426203
172.30.1.29	14.958955667026245	17.723497107855696	8.440312147080279
172.30.1.35	15.136754266829836	18.142762595542138	8.469891918298224
172.30.1.41	14.84328613345649	17.393550765545598	8.41913925094085
172.30.1.56	15.159446067119934	18.208446049107348	8.429017500512511
172.30.1.62	15.216057615140196	18.184220479999748	8.485083137498004
172.30.1.77	15.16611659967552	18.178186341775632	8.453827315794417
172.30.1.83	15.012671413559938	17.855018503006963	8.452121194672523
172.30.1.98	15.162488301332184	18.16067990638994	8.465899897028686
172.30.2.104	15.331573397067222	18.443193695000602	8.46252579007393
172.30.2.110	15.125589959559921	18.04559016839409	8.477412321404392
172.30.2.119	15.423396466663393	18.59496003155184	8.482394685873542
172.30.2.125	15.51776991951636	18.72801832258443	8.48590890137647
172.30.2.13	16.706423613776728	20.460563442219325	7.122059881629142
172.30.2.131	15.558198298387294	18.843171679902685	8.474285690404962
172.30.2.146	15.462932842674064	18.721788018733907	8.458292083496076
172.30.2.28	16.437850353628075	20.192161324389737	7.001245622069476
172.30.2.34	16.340847925733847	20.08318791122227	6.905753276311464
172.30.2.4	15.834365227115162	19.58122972506037	6.774223886357614
172.30.2.40	16.59755468662213	20.353882285375672	7.086737934510577
172.30.2.49	15.213872067303676	18.283844719900337	8.417593826193484
172.30.2.55	15.248984501248135	18.281172899291647	8.480321716640333
172.30.2.61	14.996760338785197	17.79718946835742	8.426611813185
172.30.2.76	15.26296915998591	18.336553041537393	8.476996001664824
172.30.2.82	15.262967513814278	18.276453554684085	8.496173824192162
172.30.2.97	15.17863557073751	18.152105174205314	8.509564164251746
192.168.3.16	6.984716320118266	NULL	2.4849066497880004
10.0.0.11	21.16744126836573	17.646003413358116	8.019941687677365
10.0.0.6	21.156158775474992	17.63348370704673	8.034306936339489
10.1.0.76	19.131889512569064	15.52844072193712	6.408528791059498
10.100.1.6	20.08571318777726	20.835516474404304	14.28543793430283
10.15.7.85	21.820346001511577	22.55760682095067	16.13480369103328
10.18.6.123	19.91897636062695	20.671648554290854	14.01199632700643
10.185.219.126	10.01681623784313	10.073272520325904	3.912023005428146
10.247.106.144	14.584044392815379	15.661093692489468	8.446341450444287
10.247.58.129	14.638671451361494	15.727656338052155	8.500657222776137
10.38.217.48	19.640816642855906	21.292718996597227	13.885319229928841
10.38.37.13	15.106156807187222	14.925920974207694	8.161375023197486
10.57.81.124	12.59760784810484	12.720637270511018	6.493753839851686
10.57.84.109	15.91125891783125	19.500409471853235	8.683724062303869
10.62.237.197	10.147844500249535	10.204480639047581	4.04305126783455
10.76.119.87	14.63467081430062	15.719325431983542	8.497602541651233
10.76.187.67	16.160808720268978	19.074206661949823	9.695294188174604
10.76.187.88	12.56278158889092	12.685760481112178	6.461468176353717
10.98.107.5	17.43797685490799	18.178155780618365	11.777287732100392
172.10.0.6	17.346619584695624	9.47975663562107	12.235374133115743
172.10.1.101	18.517365224427312	22.202472179718146	8.966738978759576
172.10.1.116	18.384657664116084	22.06479446665559	8.972463821059907
172.10.1.122	18.52033424151794	22.207825189475574	8.968523555396352
172.10.1.137	18.43013417909608	22.112757739976054	8.913819350857198
172.10.1.143	18.501433707027115	22.18576422727823	8.974871170971337
172.10.1.158	18.55451843341322	22.243397133507862	8.9614943233096
172.10.1.164	18.458764715105357	22.14489926066955	8.926915889777042
172.10.1.17	15.565586724352535	17.79327444890016	9.24009333012553
172.10.1.170	18.54238681222151	22.233244461399067	8.99118884193151
172.10.1.179	18.42509440938524	22.117412722139896	8.92930284224307
172.10.1.185	18.506736845645136	22.185112441525792	8.991562278171614
172.10.1.191	18.56224690991077	22.24787947595347	8.998136760700307
172.10.1.203	16.154077084845316	19.51061759963954	9.0280988119824
172.10.1.218	16.156361196545806	19.482133074651905	9.046762057999363
172.10.1.224	16.30059485863809	19.67394640322041	9.030735122676456
172.10.1.23	15.559266578481122	17.71496515075205	9.24445190160495
172.10.1.230	16.70828381883135	20.262941301772475	9.064505023752638
172.10.1.239	15.97239982788441	19.250423847288953	9.018695487721343
172.10.1.245	16.338287008834598	19.75922790794856	9.013108202446475
172.10.1.251	16.4047634842434	19.88342389465959	9.027858802380862
172.10.1.38	15.548549216975982	17.679021996411187	9.243968552956167
172.10.1.44	15.558329051651434	17.75294351863102	9.23834456838578
172.10.1.50	15.584204382039042	17.870886043370014	9.243484970568485
172.10.1.59	15.579361858571916	17.837636605472913	9.242904362849446
172.10.1.65	15.620344186679601	18.0336289455443	9.239025005836092
172.10.1.71	15.654230900180792	18.120399487397844	9.243484970568485
172.10.1.8	15.536055045789693	17.62844577741	9.24048152888817
172.10.1.86	15.590143874939185	17.881921980672175	9.244645175668174
172.10.1.92	15.602017423055296	17.91793280764778	9.246382963323112
172.10.2.1	14.983343825434217	18.691585518829562	6.601230118728877
172.10.2.106	20.118183576204903	24.01676476242974	10.499931082862638
172.10.2.112	15.481915966014599	18.287437047082307	8.989444293202451
172.10.2.127	15.388653297675456	18.070367805187512	8.95789673495042
172.10.2.133	15.422863498353975	18.179574932826387	8.956479847999912
172.10.2.16	14.821431002659756	18.384166271224927	6.661854740545311
172.10.2.22	15.288804296001794	19.061537438357433	6.606650186198215
172.10.2.37	14.925026188572728	18.65384780364022	6.62273632394984
172.10.2.43	14.756616431507172	18.38385125833433	6.625392368007956
172.10.2.58	15.354275760200661	18.03227898533057	8.924922401177469
172.10.2.64	15.427714042675563	18.151446865626262	8.983690681332686
172.10.2.70	15.241072506138847	17.576261619359673	8.947415950650129
172.10.2.79	15.411275418811025	18.104390889962126	8.956737613177264
172.10.2.85	15.332081144395582	17.889087542475256	8.952217101765946
172.10.2.91	15.389700495460188	18.034133931057532	8.992433087457218
172.20.0.8	10.256606180272083	10.029238757841688	5.634789603169249
172.20.1.1	16.73728854755391	20.36547376210639	8.244859395911256
172.20.1.105	14.63308487539807	18.23119782571195	6.5998704992128365
172.20.1.111	14.152024222298776	17.698438991379348	6.368187186350492
172.20.1.126	14.626195855301534	18.191321326607838	6.63200177739563
172.20.1.132	14.564117516053583	18.127757239161998	6.539585955617669
172.20.1.147	14.746496780237033	18.322601444673204	6.598509028614515
172.20.1.153	14.317940234197174	17.840924818170485	6.369900982828227
172.20.1.16	16.54143931430039	20.160710235741405	8.263590432617319
172.20.1.168	14.764785674378222	18.333031858342746	6.76849321164863
172.20.1.174	14.500000371433037	17.998369930342665	6.57507584059962
172.20.1.180	14.723449712297839	18.327237523294748	6.481577129276431
172.20.1.189	14.497988018973041	18.083895286282562	6.551080335043404
172.20.1.195	14.826585149342339	18.41428724905189	6.740519359606223
172.20.1.207	19.07035624559346	22.864751509874043	9.290998274993637
172.20.1.213	19.249141871816807	23.039489684544286	9.33776566023142
172.20.1.22	16.683692260925522	20.31751840898975	8.227375506834035
172.20.1.228	19.15401777367078	22.94865659128458	9.321792297270326
172.20.1.234	19.21934399657061	23.020880232568054	9.339261152043022
172.20.1.240	19.197954601419276	22.993661986706496	9.330165765044532
172.20.1.249	19.186186710946572	22.98410550210353	9.326967183907902
172.20.1.37	16.46476274298958	20.077701413838447	8.280964400553373
172.20.1.43	16.769112690080135	20.431393036982982	8.374476889214643
172.20.1.58	16.83452620769885	20.473770672943107	8.338066525518801
172.20.1.64	16.71861386903611	20.347783316998008	8.376320632534823
172.20.1.70	16.608614153792615	20.228420026485473	8.280711075662847
172.20.1.79	16.463520974532717	20.06917372697562	8.258940462988459
172.20.1.85	16.829731654975543	20.471516673610484	8.326274787396764
172.20.1.91	16.610285217121035	20.2249557905774	8.24380842366528
172.20.2.101	16.663638767429553	20.307111363091053	8.289037098278483
172.20.2.116	16.497989380474348	20.09754104891666	8.288031567776464
172.20.2.122	16.92108159483993	20.551451357379733	8.300776960851454
172.20.2.137	16.70044243539289	20.32758069963641	8.3133619511344
172.20.2.143	16.636790689497385	20.266408117940028	8.284504227258497
172.20.2.21	15.182933977633907	18.863853112829997	6.727431724850855
172.20.2.3	15.285996469931696	18.961887259136443	6.831953565565855
172.20.2.36	15.705278532935575	19.412570393397115	6.823286122355687
172.20.2.42	15.743131910446113	19.491559252113202	6.775366090936392
172.20.2.57	16.821402496895075	20.450396765591325	8.26796230533871
172.20.2.63	16.90719825765185	20.5479363366534	8.322880021769905
172.20.2.78	17.051584955853798	20.679932952152864	8.341648618901306
172.20.2.84	16.30745513335065	19.873342216600147	8.282735880201754
172.20.2.90	16.70326584031617	20.330766299876412	8.289539484624141
172.20.2.99	16.489076140888837	20.093742330429016	8.295798110636145
172.30.1.100	15.160094769854588	18.101940769370078	8.499843553081124
172.30.1.109	15.177801887428199	18.25814479078028	8.435332164935916
172.30.1.115	15.024020055915956	17.888901314538582	8.41715183723601
172.30.1.121	15.283493425533761	18.433868492076837	8.446770727119691
172.30.1.136	15.28592062850551	18.482200597870115	8.410720946905721
172.30.1.142	15.115248166010147	18.158202099943786	8.391176350832751
172.30.1.15	15.125599672263544	18.10640968325934	8.427487278331744
172.30.1.157	14.9994022802291	17.880840950605535	8.414938957377482
172.30.1.163	15.19949951367811	18.27137402982383	8.382747094863314
172.30.1.178	15.24657415299477	18.36550239672132	8.427487278331744
172.30.1.184	15.256202191144844	18.382253639808134	8.445052513638554
172.30.1.190	15.245554065312719	18.375230786077598	8.40178233990491
172.30.1.199	15.186291455161415	18.197134886723983	8.422003004412488
172.30.1.202	17.362688246962893	21.015903216061336	9.005773206234908
172.30.1.21	15.327938546847763	18.49507745370309	8.478244441277663
172.30.1.217	17.485572925976726	21.15018847414052	9.028818495352793
172.30.1.223	20.11822245430035	24.019230812670266	10.491218660339424
172.30.1.238	17.097900416862295	20.71737984945863	8.978912601074276
172.30.1.244	17.24793092269363	20.884490947020687	9.003439196207838
172.30.1.250	17.32770074412494	20.96231503059627	9.022081222515475
172.30.1.3	15.136007739501615	18.137268648824673	8.446126742982377
172.30.1.36	15.115033604186417	18.10136234536664	8.439447842791385
172.30.1.42	15.12676478183029	18.130279297352054	8.446126742982377
172.30.1.57	15.161398202907254	18.188275232803285	8.452547997922705
172.30.1.63	15.129421843056797	18.14882058888809	8.431199478249262
172.30.1.78	15.102558728341695	18.053391423445188	8.455955881945048
172.30.1.84	15.147385163458733	18.13553174057053	8.46779284112111
172.30.1.90	15.18009904175614	18.17034333109356	8.487558386286548
172.30.1.99	14.959047772606075	17.684655018120587	8.451053388911692
172.30.2.105	15.252063052877812	18.3626666311653	8.443546651247939
172.30.2.111	15.237748151776657	18.230102272466397	8.490233009833455
172.30.2.126	15.155003101842167	18.126071775857415	8.483843211734683
172.30.2.132	15.184066519802622	18.223296370391978	8.449128460502108
172.30.2.14	16.12649487848235	19.872785787762815	6.9411900550683745
172.30.2.147	15.14666079872171	18.138074288734835	8.463159302923751
172.30.2.20	16.631395092312818	20.38671024045086	7.0909098220799835
172.30.2.29	16.40838945985535	20.16473139739303	7.005789019253503
172.30.2.35	16.640590562966892	20.39470323909481	7.042286171939743
172.30.2.41	15.95926157111431	19.668113879804626	6.821107472256465
172.30.2.5	16.658247059528136	20.421011419076507	7.1276936993473985
172.30.2.56	15.334121824517585	18.482963425721486	8.462314529906248
172.30.2.62	15.297373247383481	18.42869077780459	8.469052816088302
172.30.2.77	15.20136957433539	18.202477432035444	8.494743062578646
172.30.2.83	15.23192060507212	18.308980071912316	8.452974619089586
172.30.2.98	15.392077904315734	18.58208415048569	8.496378051702317
192.168.3.17	14.676867693373525	NULL	5.58724865840025
10.0.0.12	21.136896763159427	17.582930314783322	8.00202481821611
10.0.0.7	21.100576356183797	17.53912843514599	8.00202481821611
10.0.3.178	16.223566760500418	19.13747326207231	9.75452339939617
10.1.0.77	19.225199087980137	15.693254432582656	6.456769655572163
10.156.165.212	16.127503854689113	19.041557923024442	9.662752677191515
10.156.81.164	12.591926707989222	12.718902259964862	6.48768401848461
10.199.250.2	14.838630326690987	14.066023331672667	6.240275845170769
10.249.157.108	15.518750786674941	19.056398262123096	8.412054873292933
10.249.157.162	12.492949393795463	12.616571728565525	6.39024066706535
10.38.217.220	12.610837508523945	12.73399724501803	6.507277712385012
10.7.7.10	19.140690848564734	19.884200018798357	13.106288872017481
10.76.187.68	15.104306747370353	14.924974421408232	8.159374736775426
10.89.101.53	15.118767544367975	14.95403114385837	8.173857454773621
172.10.0.7	10.20824795652266	10.009198006958242	5.598421958998375
172.10.1.102	18.4559401599795	22.14625658668587	8.966738978759576
172.10.1.117	18.48898521187728	22.17308028679322	8.982309899088579
172.10.1.123	18.424939592170226	22.114528331428804	8.959054514715692
172.10.1.138	18.545091209598215	22.23013627709859	8.957768009971161
172.10.1.144	18.571773656427528	22.266802557722375	8.98632143762602
172.10.1.150	18.408982586539874	22.096469885049864	8.945984124827898
172.10.1.159	18.42933379806225	22.113693110804594	8.93313654381203
172.10.1.165	18.439030964074522	22.13142358436285	8.945593270806897
172.10.1.171	18.511162385104026	22.20344082586608	8.960210955576986
172.10.1.18	15.584906824419061	17.886573920667132	9.237469039364436
172.10.1.186	18.474247946549927	22.159057675602075	8.969287400118406
172.10.1.192	18.527624095264645	22.21352862614468	8.965079015408355
172.10.1.204	15.949985117540539	19.191600298465975	8.99949587624899
172.10.1.210	16.097502357167752	19.39466615496164	9.005405040310642
172.10.1.219	16.444004360903087	19.9341923780324	9.0455836463617
172.10.1.225	16.475754220978267	19.96104111988696	9.030615441029495
172.10.1.231	16.154742188377714	19.48443371553735	9.009325172734973
172.10.1.24	15.701576521654813	18.29354658248361	9.246768728589734
172.10.1.246	16.188287070566098	19.545267369792306	9.018574356354229
172.10.1.252	16.357309618623976	19.776672112189534	9.012864567410551
172.10.1.30	15.552718271887729	17.725637406823257	9.243484970568485
172.10.1.39	15.570239966140965	17.808728148938304	9.241451367001236
172.10.1.45	15.580541652176393	17.843681075642586	9.240384493324559
172.10.1.51	15.65299470390178	18.13762567041201	9.242420265439595
172.10.1.66	15.626422770156811	18.05036879443307	9.23620303150191
172.10.1.72	15.641378818503505	18.092945423085975	9.241742135115715
172.10.1.87	15.648296160874768	18.119983554451075	9.244161920451694
172.10.1.9	15.569729967615965	17.802819276023193	9.23824732522919
172.10.1.93	15.627916416068627	18.016457799039962	9.244935016740682
172.10.2.107	15.372836525218213	17.986505048116992	8.979542601725113
172.10.2.113	15.342665822597656	17.982531749409752	8.937087036176523
172.10.2.128	15.432923386056544	18.189356471601535	8.973604867142505
172.10.2.134	15.339450493096056	17.949565697311066	8.952864141581468
172.10.2.140	15.426026888696274	18.125666939921725	8.996404301412886
172.10.2.17	15.235288775203868	18.978246426142057	6.621405651764134
172.10.2.2	15.047253867452143	18.76996286821638	6.635946555686647
172.10.2.23	14.292736791295829	17.918443897483332	6.428105272684596
172.10.2.38	15.272191618741164	19.0329805744509	6.71295620067707
172.10.2.44	14.68806588880121	18.311137593259353	6.620073206530356
172.10.2.50	15.293259493768392	17.782272133994137	8.94715577112479
172.10.2.59	15.36674016443805	18.03602983955968	8.934059722248843
172.10.2.65	15.353696048048	17.97002188033741	8.967121656230923
172.10.2.71	15.444797175064348	18.232666349664623	8.963288275610298
172.10.2.86	15.34098473553516	17.90739198916828	8.95712413640568
172.10.2.92	15.32571757462223	17.955941123469714	8.940105213128122
172.20.1.106	14.283143880250693	17.834424265717253	6.432940092739179
172.20.1.112	14.692183153723104	18.2729781902043	6.598509028614515
172.20.1.127	14.354125069081551	17.885323891656228	6.559615237493242
172.20.1.133	14.582033657077792	18.13622504781318	6.546785410760524
172.20.1.148	14.744609315766938	18.356810191673915	6.490723534502507
172.20.1.154	14.610990023716905	18.169756289621734	6.638567789166521
172.20.1.160	14.165870906745655	17.744200750918946	6.297109319933935
172.20.1.169	14.945502320542023	18.564438561738257	6.75343791859778
172.20.1.17	16.723595670642705	20.343810705031345	8.297294370266917
172.20.1.175	14.807611298420307	18.410505966012835	6.716594773520978
172.20.1.181	14.848811760476629	18.4839270179982	6.57507584059962
172.20.1.196	14.862708141366058	18.42894551643597	6.75110146893676
172.20.1.2	16.58163511996549	20.194082802255785	8.275376374836407
172.20.1.208	19.104768789176422	22.893777246113455	9.296609807128359
172.20.1.214	19.184517959668582	22.98514696678756	9.329100707697025
172.20.1.220	19.201014464909935	23.000059080077605	9.339612707680322
172.20.1.229	19.147053142859495	22.940993840406385	9.329011901693681
172.20.1.23	20.14700473701004	24.043743371897573	10.392312936022451
172.20.1.235	19.13617612281716	22.93057322898869	9.312987208936326
172.20.1.241	19.191008585048852	22.98094987255182	9.333619388136354
172.20.1.38	16.650145479335777	20.286089890452132	8.323608442343572
172.20.1.44	16.801453471708562	20.430640580399785	8.322151070212902
172.20.1.50	16.908619783168422	20.523413270059127	8.399085102935908
172.20.1.59	16.40209321895242	19.96824368245552	8.344267356262645
172.20.1.65	16.877252691580658	20.531234966144396	8.351374706721296
172.20.1.71	16.516107653549	20.114627040835494	8.32117830749028
172.20.1.86	16.836677217707052	20.46608143330636	8.315077007294104
172.20.1.92	16.50071285562014	20.111850519402743	8.235890725928495
172.20.2.102	16.864257583347356	20.521469146456393	8.325063693631197
172.20.2.117	16.73402301490265	20.37075126948431	8.306965865368573
172.20.2.123	16.74191349271825	20.376283105685587	8.318010277546872
172.20.2.138	16.7624128165548	20.40118724620525	8.299037181613066
172.20.2.144	16.736528821914785	20.359907609538595	8.35772841676521
172.20.2.16	15.823938124602662	19.550174661805908	6.962243464266207
172.20.2.22	15.461436992977445	19.178685949290657	6.78897174299217
172.20.2.37	16.309804013518367	20.05201239969633	7.074116816197362
172.20.2.4	14.945519764329417	18.54846585829789	6.678342114654332
172.20.2.43	14.653055008108174	18.2251168896841	6.754604099487962
172.20.2.58	16.81595600703619	20.455259113102986	8.309676895987726
172.20.2.64	16.54412342425806	20.146621947296524	8.285513309079741
172.20.2.70	16.614232927176197	20.22666576517564	8.290292591224315
172.20.2.79	16.6773047847926	20.296259669183787	8.313607139317558
172.20.2.85	16.744870790509985	20.34912697551082	8.294049640102028
172.20.2.91	16.921376731428744	20.59119996192618	8.326032685955079
172.30.0.2	13.064539330315009	11.41155697058194	7.8399193600125825
172.30.1.101	15.284794741284813	18.480144720716133	8.434246270595311
172.30.1.116	15.062064001487984	17.992885468107165	8.42463920980563
172.30.1.122	15.1480111326494	18.19090894928665	8.401333305321703
172.30.1.137	15.10635842999015	18.108180171320036	8.404919948933452
172.30.1.143	15.160699811574542	18.226002472444637	8.41027590907016
172.30.1.158	15.1341821799656	18.167499481362984	8.431635303054591
172.30.1.16	14.76889628371208	17.11229749103045	8.451053388911692
172.30.1.164	15.031936104054306	17.954322063801396	8.404919948933452
172.30.1.170	15.133638224076563	18.170989153871226	8.412054873292933
172.30.1.179	15.142524284337364	18.167032687735784	8.431853144249223
172.30.1.185	15.249199586190823	18.372730854153524	8.444622498581403
172.30.1.191	15.182270610787223	18.256119247481298	8.430545384690566
172.30.1.203	17.292894792267077	20.925653545134548	9.007367027451355
172.30.1.218	20.114866077059883	24.016201421040396	10.486261675614703
172.30.1.22	15.115009609659348	18.07602847994571	8.46779284112111
172.30.1.224	17.360761875596946	21.000809128724473	9.007856923358275
172.30.1.230	17.165192936452776	20.779000094991073	8.992806059426483
172.30.1.239	17.167786636858708	20.80743782309509	8.978029932837156
172.30.1.245	17.3961668752495	21.04822545336859	9.029178142902074
172.30.1.251	17.184779818764973	20.808980040470207	8.994420665751292
172.30.1.37	15.055502320677261	17.895176802162524	8.481566013773087
172.30.1.4	15.073978649821786	17.901584210316003	8.451053388911692
172.30.1.43	15.156810429718329	18.148276121359373	8.496582237512113
172.30.1.58	15.042303491169344	17.925209798110586	8.444837529224097
172.30.1.64	15.087931045188867	17.981525911731477	8.414052432496725
172.30.1.70	15.368345314139106	18.529198679708994	8.472195825485501
172.30.1.79	15.056148312261335	17.999325691710215	8.423980809694058
172.30.1.85	15.097537139506075	18.02634733791045	8.448914350662942
172.30.1.91	15.158489192797866	18.18102796215218	8.458504195067558
172.30.2.106	15.008485911398159	17.8067888965526	8.448271745949816
172.30.2.112	15.24734504569367	18.330527990730282	8.445052513638554
172.30.2.127	15.193179577544836	18.13458157804274	8.500250470685925
172.30.2.133	15.352135167490934	18.46735890799023	8.478452363099807
172.30.2.21	16.47521203744695	20.235314585154832	7.0192966537150445
172.30.2.36	16.27521144477276	20.021420571485955	6.996681488176539
172.30.2.42	15.980975655565787	19.74111184285256	6.884486652042782
172.30.2.57	15.231862625978298	18.282930418418662	8.480529207044645
172.30.2.6	16.09463724142592	19.818113724680114	6.92951677076365
172.30.2.63	15.082378158251428	17.97852833169863	8.450625947144124
172.30.2.78	14.998275558195376	17.70794560585304	8.491054533806542
172.30.2.84	15.212926593349673	18.2393850288029	8.480529207044645
172.30.2.90	15.337646578486098	18.514784823983412	8.471358655072438
172.30.2.99	15.244659646202924	18.30546377936766	8.5016733797582
192.168.3.18	14.677704068118144	NULL	5.579729825986222
10.0.0.13	21.074034147420463	17.54456964032542	8.005033344637111
10.0.0.8	21.110553142016233	17.53780648528902	8.047829357457841
10.0.3.116	12.479201836624199	12.602873661891541	6.375024819828097
10.11.106.5	19.795627860414157	20.555567891231014	14.136220650674236
10.117.23.212	14.755066542772092	14.23543397253313	7.205635176410364
10.12.237.111	14.755174398119419	14.235054098241976	7.205635176410364
10.138.121.140	12.564942179593425	12.697440182639042	6.461468176353717
10.138.214.18	19.780485056436135	20.809213665485505	14.082497199689476
10.138.214.39	15.84239656159368	19.43089003322795	8.625868208041894
10.170.32.239	16.155403767032535	19.0719772865364	9.687505794249539
10.185.219.242	9.865993348108548	9.90752937336246	3.7612001156935624
10.247.106.59	12.633057859471908	12.756959014139394	6.530877627725885
10.32.42.116	15.111546184221648	14.944881899159075	8.158802490694002
10.38.37.143	13.884886422766588	14.229111811030963	7.675546002537848
10.43.51.79	16.27506102296323	18.648466981301898	8.97790377375038
10.58.99.97	16.321386719333578	18.801152702480106	9.02063159674821
10.76.187.177	15.873772512273382	19.458354732237062	8.665095821339733
172.10.0.8	10.252382309155898	10.06296686708145	5.652489180268651
172.10.1.1	15.788393783576373	18.553239650115177	9.245224773829685
172.10.1.10	15.52284221900373	17.5627986038422	9.242517103671403
172.10.1.103	18.40516124714295	22.090158817050067	8.929567707825337
172.10.1.118	18.377827949169102	22.066804632276376	8.942591637231851
172.10.1.124	18.394256785948116	22.074353941150015	8.935245415029874
172.10.1.130	18.546206606409815	22.231729470992917	8.984317679911129
172.10.1.139	18.46377865221503	22.137519855366584	8.960724500330858
172.10.1.145	18.473179612842856	22.1693725552616	8.967249182852276
172.10.1.151	18.445579501147137	22.128426065906982	8.955060950631902
172.10.1.166	18.417671019271523	22.090897980370833	8.96264794774056
172.10.1.172	18.427536072401182	22.10744405586593	8.966356154790121
172.10.1.187	18.419920224830996	22.11111036119236	8.956350940490871
172.10.1.19	15.663085456298514	18.187252991056358	9.23883064237581
172.10.1.193	18.366953110015785	22.055232276747276	8.952475967933584
172.10.1.205	16.1890530581474	19.54282256584416	8.99528899055931
172.10.1.211	16.355620099693898	19.81809317217282	9.04085606398372
172.10.1.226	16.44505297834518	19.950534328640796	9.015784277513886
172.10.1.232	16.579440589199873	20.09102999286103	9.032409163483521
172.10.1.247	16.10222385780082	19.411977514597673	9.022684613591526
172.10.1.25	15.558487787991494	17.715034818488817	9.243678431586693
172.10.1.253	16.17868149555234	19.53804773521832	9.02485381183907
172.10.1.31	15.574961516297943	17.82282241569659	9.242226560838505
172.10.1.46	15.66447091235258	18.1609848721564	9.249753374333018
172.10.1.52	15.569244985605486	17.805556115000975	9.243388226022383
172.10.1.67	15.6112520882529	17.96440269448971	9.239996256883693
172.10.1.73	15.593890249168469	17.91069874756604	9.24048152888817
172.10.1.88	15.624228253535762	18.01819360728238	9.243484970568485
172.10.1.94	15.64981916933407	18.123368880202456	9.245321340871428
172.10.2.108	15.26897746812238	17.774358693384283	8.917042560738766
172.10.2.114	15.296547892602868	17.779620705599395	8.959183074206774
172.10.2.120	15.320253955135264	17.8025991797157	8.977651407818442
172.10.2.129	15.394026887993618	18.072339563256165	8.972844314437573
172.10.2.135	20.124273578228117	24.023308885880986	10.501746964063756
172.10.2.141	15.270221224388775	17.70475140971272	8.953252164609035
172.10.2.18	15.200483296125158	18.87404183879467	6.663132695990803
172.10.2.24	15.064128662653136	18.81077603253858	6.570882962339584
172.10.2.3	14.97092527118974	18.64181128652331	6.57507584059962
172.10.2.30	14.716100677762231	18.35946066801331	6.565264970035361
172.10.2.39	14.528217199002842	18.082192668893423	6.683360945766275
172.10.2.45	15.004470125531178	18.695772218937613	6.651571873589727
172.10.2.51	15.375804653701259	18.071069592583143	8.940629184845639
172.10.2.66	20.124080547658174	24.02297117423917	10.500454174622105
172.10.2.72	15.311732514737146	17.83472342677291	8.961879012677683
172.10.2.87	15.466293272231066	18.156573651642336	8.995536944936974
172.10.2.93	15.419929697399638	18.137138278160403	8.97790377375038
172.20.1.107	14.6726723239708	18.305968795177424	6.490723534502507
172.20.1.113	14.546364325197095	18.124352063764324	6.530877627725885
172.20.1.128	14.769445376153158	18.377714629532335	6.593044534142437
172.20.1.134	14.687258632227675	18.21450835187409	6.556778356158042
172.20.1.140	14.420388661870927	17.953218809861113	6.637258031284457
172.20.1.149	14.470881621439412	18.043725932284925	6.591673732008658
172.20.1.155	14.378749488669529	17.947711120491267	6.51025834052315
172.20.1.161	14.15803515632316	17.686891344378246	6.309918278226516
172.20.1.176	14.653646864903033	18.175742938869973	6.656726524178391
172.20.1.18	16.553803211061417	20.15025352520281	8.279950715722526
172.20.1.182	14.619661849099696	18.196311091283	6.493753839851686
172.20.1.197	14.440509510225757	18.002231211882176	6.637258031284457
172.20.1.200	14.502122933117525	18.10014550800495	6.501289670540389
172.20.1.209	19.17925204557798	22.975925204109863	9.32750099174976
172.20.1.215	19.237271261506294	23.03128856487062	9.337589572891646
172.20.1.221	19.237908065054384	23.035093917814265	9.319732748747379
172.20.1.236	19.182971885251373	22.978253657997097	9.333972932421458
172.20.1.24	16.564792077802153	20.162775952600004	8.259716961021523
172.20.1.242	19.122512633021113	22.91678445468955	9.313167681775653
172.20.1.3	16.678490392573394	20.319366832856904	8.245121966478605
172.20.1.30	16.64599152541833	20.26174891748785	8.300031711779575
172.20.1.39	16.623466182728578	20.240865784561592	8.352318548226004
172.20.1.45	16.78416285644452	20.397112834610276	8.330381569349418
172.20.1.51	16.6981823582392	20.326860026205292	8.322880021769905
172.20.1.66	16.825452346482404	20.491202458240405	8.357493812658563
172.20.1.72	16.497397602422687	20.10946521472735	8.273591798199632
172.20.1.87	16.819174145329544	20.47595155668062	8.312626025674962
172.20.1.93	16.509133518457688	20.104037314907206	8.289790583181643
172.20.2.103	16.6711457029745	20.268841075706373	8.261009786023827
172.20.2.118	17.07095735775882	20.735733013725618	8.374938143835367
172.20.2.124	16.754311621277388	20.39439672140781	8.254528881939745
172.20.2.130	16.68419761524152	20.32022018010413	8.288534459413917
172.20.2.139	16.764244877879673	20.38273852962809	8.3243363327069
172.20.2.145	16.82690734981579	20.46116072999471	8.300031711779575
172.20.2.17	15.148787507681737	18.800816399564	6.813444599510896
172.20.2.23	15.104810421612884	18.776022266279508	6.645090969505644
172.20.2.38	14.49307444729706	18.04938861617979	6.670766320845874
172.20.2.44	15.747742152110765	19.434213453960886	6.816735880594968
172.20.2.5	14.815265215389376	18.460865790064044	6.665683717782408
172.20.2.50	16.638968412772698	20.274616538716995	8.265135629937385
172.20.2.59	16.652137832628096	20.29556054472284	8.281723990411392
172.20.2.65	16.64994521473793	20.260539926344993	8.307705966549513
172.20.2.71	16.56932839173228	20.171576837595648	8.265650165580329
172.20.2.86	16.928689499498272	20.57993323183574	8.333510708982942
172.20.2.92	16.72094507848748	20.357183506262253	8.305978210967302
172.30.0.3	20.77687141125307	18.57098892224574	11.605176424674335
172.30.1.102	15.035008323994985	17.940980784872472	8.428799040653642
172.30.1.117	15.135833638703755	18.185156175684586	8.40804774415544
172.30.1.123	15.16532245350675	18.22128416312799	8.413608875159667
172.30.1.138	15.040076559356683	17.977362495536745	8.394121193826242
172.30.1.144	15.196960202373178	18.27913844668554	8.432070937999402
172.30.1.150	15.222491959093668	18.359314019345756	8.416930769477844
172.30.1.159	15.290101927628607	18.46375440955754	8.403800504061147
172.30.1.165	15.020747263230808	17.906721164473268	8.436416881388949
172.30.1.17	15.12773283090199	18.102803511626465	8.458292083496076
172.30.1.171	15.142083045917524	18.154409899729107	8.427924723658055
172.30.1.186	15.242202823691004	18.353317768462986	8.432506383249043
172.30.1.192	15.189630358966015	18.300556839348882	8.404248432400102
172.30.1.204	17.498810877610563	21.16201177247637	9.01602720232985
172.30.1.210	17.525116575159338	21.19730028899973	9.042513261332681
172.30.1.219	17.20984913840049	20.822774305228165	9.032170186304704
172.30.1.225	17.21956532009052	20.84815072883924	8.999125391527247
172.30.1.23	15.16083239240118	18.168769221732063	8.45531778769815
172.30.1.231	17.199036922833464	20.85180815053746	8.997270906233448
172.30.1.246	17.17520178751262	20.794541469883068	9.002577922700276
172.30.1.252	17.25744615463728	20.886039706544196	8.999248901686114
172.30.1.38	14.930393098639613	17.616476542301346	8.449556542700426
172.30.1.44	15.030188259871435	17.918276824539277	8.432724034789787
172.30.1.5	14.983272283640092	17.74761477933016	8.460622839927844
172.30.1.50	15.136000263403101	18.122905250543848	8.45553053102413
172.30.1.59	15.193983158716627	18.21351960326829	8.478452363099807
172.30.1.65	15.079536997595456	18.0174742033593	8.442685139241176
172.30.1.71	15.309657925903515	18.427607915601886	8.492695559815838
172.30.1.86	15.108728916645882	18.065558151634995	8.458928283284262
172.30.1.92	15.15838293292973	18.147788113231428	8.458292083496076
172.30.2.107	15.40739510760914	18.602041430925404	8.457443187010464
172.30.2.113	15.223705344462491	18.316851954602615	8.429017500512511
172.30.2.128	15.395300068142868	18.618700322853933	8.454253391642363
172.30.2.134	15.162447216548266	18.130514508521134	8.484669999710677
172.30.2.140	15.225476522817463	18.25499618560523	8.490438454107418
172.30.2.16	16.460160647472584	20.201908815507288	7.009408932708637
172.30.2.22	16.668085486281406	20.411781140347028	7.069874128458572
172.30.2.37	16.86333012560461	20.626915983068248	7.177782416195197
172.30.2.43	16.60828718866207	20.36355914332405	7.109062135687172
172.30.2.58	15.039222458156546	17.79789826682084	8.487352349405215
172.30.2.64	15.149207089950528	18.075272477680556	8.479698986988657
172.30.2.7	16.235660796211647	19.99495984779788	6.875232087276577
172.30.2.70	15.261604259272909	18.262508893377394	8.457018468380168
172.30.2.79	15.321039567307706	18.41270369170374	8.480114183174816
172.30.2.85	15.215252099124458	18.21402686265649	8.493924564476883
172.30.2.91	15.261985206904752	18.32961582426625	8.53168763756669
10.0.0.14	21.154927869502725	17.65382433019329	8.02322468471667
10.0.0.9	21.149674188267692	17.62564454843064	7.989899374942939
10.0.2.181	16.315605611100644	18.778576142832893	9.01724094201035
10.10.11.102	20.186548965597392	20.9337141370943	14.536741181113086
10.10.11.15	19.396364412371152	19.96848371311715	14.258001022474625
10.12.237.181	9.865993348108548	9.995610841411933	3.7612001156935624
10.14.107.115	19.507856386113904	20.268325017435	13.85045772945564
10.17.15.10	20.006097889956912	20.74970361365653	14.365186826416657
10.170.121.55	12.510279921564111	12.63866642102659	6.406879986069314
10.170.148.209	16.105424307505775	19.01770109133738	9.643744848773588
10.170.148.64	15.100569218003288	14.920903141725686	8.156223323194624
10.18.37.65	16.30728167661654	18.768151524235932	8.994544758324512
10.200.20.2	20.00307486950076	20.749626834569135	14.353600898257573
10.227.178.16	10.147844500249535	10.189380525503447	4.04305126783455
10.247.58.85	12.590218777265772	12.713022769237767	6.486160788944089
10.249.28.194	12.575489070939524	12.70465765775126	6.472346294500901
10.3.1.25	12.165885865884892	14.404669059246212	5.293304824724492
10.38.217.21	12.577222323223218	12.70013453986898	6.47543271670409
10.51.105.69	9.1958356857733	9.237371711027214	3.091042453358316
10.6.6.6	20.458919567604283	21.208979820397175	14.373993704703762
10.77.24.4	16.329058437048932	18.81038899558537	9.037176752966994
10.78.100.150	19.654294147174408	21.33901673246534	13.893074195280628
10.78.221.103	12.567286274039834	12.697440182639042	6.46302945692067
10.78.90.9	16.20419728926117	19.12183902974768	9.734299374132137
10.9.81.5	19.58742221523555	19.84165441829633	14.88419889106381
172.10.0.9	10.225643512847986	10.035129661587844	5.62040086571715
172.10.1.104	18.523182294661833	22.209472339854166	8.967886572127473
172.10.1.11	15.568847755200052	17.793221242744693	9.239996256883693
172.10.1.110	18.488413950394328	22.16973363128894	8.963032193662675
172.10.1.119	18.399756092422354	22.093600110748365	8.917444732471514
172.10.1.125	18.55801196930967	22.253518659031418	8.967376693212666
172.10.1.131	18.402507567579676	22.085929874965355	8.958668737047434
172.10.1.146	18.47722026131539	22.167354714910942	8.919988070968524
172.10.1.152	18.500423098832208	22.196187268782236	8.957639268419648
172.10.1.167	18.533721825405344	22.220917709072623	8.956737613177264
172.10.1.173	18.4697337783303	22.161801166593833	8.947806093057054
172.10.1.188	18.534951690548876	22.222082819081827	9.001839097398843
172.10.1.194	18.51223431288504	22.198888904244264	8.965717788984849
172.10.1.2	15.827811663125283	18.612740959033413	9.245804036251752
172.10.1.206	16.26099943518406	19.66177661868577	9.047468439003541
172.10.1.212	16.430011767459355	19.86995396995308	9.042040056544483
172.10.1.227	16.178525241992784	19.5397492795941	9.009691898489343
172.10.1.233	15.864219272254662	18.99945157139299	9.017726025696795
172.10.1.248	16.164030217978883	19.518306105768346	9.011645501064283
172.10.1.254	15.897920938278228	19.0710345610372	9.015784277513886
172.10.1.26	15.551451773759656	17.725438209671285	9.240287448344136
172.10.1.32	15.6527249530932	18.13742399861398	9.241548299100376
172.10.1.47	15.605729174020903	17.956516448563423	9.240869577011006
172.10.1.53	15.63828036444379	18.089096911589948	9.242226560838505
172.10.1.68	15.65232720066789	18.13103811085695	9.237760967552175
172.10.1.74	15.572814701522475	17.829419132410578	9.236300473645715
172.10.1.80	15.628915889327478	17.980480407446287	9.245900547374733
172.10.1.89	15.577062849801038	17.830118183815586	9.245031611766112
172.10.1.95	15.60047499315041	17.889711220663454	9.245514446983837
172.10.2.10	15.410053285883029	19.14289699520445	6.740519359606223
172.10.2.100	15.431244011825825	18.14916600631025	8.947806093057054
172.10.2.109	15.450312662306914	18.222938688058054	8.973478148521036
172.10.2.115	15.37673443023763	18.039582258720333	8.949494953477961
172.10.2.121	15.380049425993752	18.04787544537712	8.956995311928852
172.10.2.136	15.238763460069697	17.702909545449383	8.9237243977064
172.10.2.142	15.584634942272755	18.521816314083907	8.97221007835365
172.10.2.19	14.925194330936295	18.6261968649931	6.677083461247136
172.10.2.25	14.515872151948312	18.104267152832268	6.584791392385716
172.10.2.31	15.195834632337174	18.969302033281163	6.70196036600254
172.10.2.4	15.51957860083972	19.25522808514444	6.709304340258298
172.10.2.46	14.574450160699204	18.1913316404657	6.601230118728877
172.10.2.52	15.36902743187021	18.02157776948388	8.948975607841776
172.10.2.67	15.446988005713981	18.269430274446485	8.956093075610639
172.10.2.73	15.310725689507011	17.78492708848044	8.970050661827003
172.10.2.88	15.494309220876218	18.363003769800905	8.951440100949855
172.10.2.94	15.23799411876334	17.567457295225733	8.968650903374874
172.20.0.2	13.607637319685908	12.731717913894443	8.182279739259018
172.20.1.10	16.765763497995373	20.392201227916082	8.301521654940728
172.20.1.108	14.30634018773995	17.820422979146706	6.4692503167957724
172.20.1.114	14.396252466739687	17.986495600689175	6.411818267709897
172.20.1.120	14.493734437928843	18.067587264620187	6.480044561926653
172.20.1.129	14.80956275129347	18.40832209953872	6.555356891810665
172.20.1.135	14.183286259869979	17.730409464023015	6.403574197934815
172.20.1.141	14.207876242026021	17.70895830656885	6.498282149476434
172.20.1.156	14.454911437975602	18.024237550704072	6.51471269087253
172.20.1.162	14.668489109770503	18.212254374182304	6.642486801367256
172.20.1.177	14.684363710513555	18.214948064908434	6.7357800142423265
172.20.1.183	14.343976472861762	17.869895687580385	6.495265555937008
172.20.1.19	16.54796708677881	20.169941887318224	8.258681496264236
172.20.1.198	14.78242291870919	18.428398793038287	6.673297967767654
172.20.1.201	19.12565157880684	22.922116324551645	9.303466349965667
172.20.1.216	19.16263698850314	22.95307512413591	9.331052447138447
172.20.1.222	19.18627070421661	22.984498674961138	9.329100707697025
172.20.1.237	19.18781976563737	22.97566300545906	9.329810871952349
172.20.1.243	19.293847817843318	23.089479760622606	9.374497958142467
172.20.1.25	16.596507457202467	20.212297467992812	8.231642179973411
172.20.1.31	16.49092158267353	20.074818213992703	8.321664807135
172.20.1.4	16.593693105549594	20.214352902822803	8.253748343328501
172.20.1.46	16.75046039412461	20.392138838651125	8.301273485191347
172.20.1.52	17.174749605272105	20.865269096995863	8.38776764397578
172.20.1.67	16.730769977178248	20.39581255104386	8.375629627094451
172.20.1.73	16.46607951665241	20.074423157854046	8.301025253838453
172.20.1.88	16.62068117818637	20.251242551968378	8.32069157104845
172.20.1.94	16.739500612608417	20.3734584870075	8.343553835005117
172.20.2.104	16.699705109478685	20.32805611414767	8.294299608857235
172.20.2.110	16.648145852629188	20.244638139899727	8.265392930852224
172.20.2.119	16.79489030477473	20.43400229596557	8.264105763728956
172.20.2.125	16.684672014923116	20.31173080909217	8.207674424355282
172.20.2.131	16.70438786639357	20.341015214414984	8.296795865770052
172.20.2.146	16.773450202167727	20.412631506474987	8.299037181613066
172.20.2.18	15.87611020070062	19.60201699789266	6.943122422819428
172.20.2.24	15.724103130324162	19.483074094429355	6.777646593635117
172.20.2.30	15.7591877873375	19.43417596211704	6.80128303447162
172.20.2.39	15.234482638849649	18.92744160977157	6.7661917146603505
172.20.2.45	15.113411860739587	18.770999847260637	6.668228248417403
172.20.2.51	16.630315382504318	20.25966244084309	8.271804031154709
172.20.2.6	15.771567906753061	19.477608704591976	6.90975328164481
172.20.2.66	16.728642547700012	20.341602207413448	8.267448958304849
172.20.2.72	16.483966898969207	20.078019739726358	8.265392930852224
172.20.2.87	16.728029795326552	20.35787559056429	8.29853954537488
172.20.2.93	16.847728027708204	20.473744232453228	8.322880021769905
172.30.0.4	19.831055112985524	18.904766367359287	13.723290000358018
172.30.1.103	15.144571384775686	18.192352914963326	8.402679804627477
172.30.1.118	15.25544544406937	18.316182911631795	8.437283808187935
172.30.1.124	14.929281045116257	17.699813857775478	8.402455513945814
172.30.1.130	15.085781365880303	18.05454915513463	8.414052432496725
172.30.1.139	15.154188016374254	18.2071751479745	8.398184404834035
172.30.1.145	15.221062299721181	18.39495333414398	8.379997952238393
172.30.1.151	15.456996598879268	18.71884299943511	8.440959885416648
172.30.1.166	15.038266352285852	17.956721244100706	8.399984990510696
172.30.1.172	15.360060448192419	18.571278393522288	8.447628728030327
172.30.1.18	15.189585565945823	18.149751266552823	8.486527777105353
172.30.1.187	15.206367245826106	18.3089796022774	8.43771698991444
172.30.1.193	14.951660092267012	17.72190376577908	8.429672593886743
172.30.1.205	17.426415200250176	21.094648789484786	9.034438166984412
172.30.1.211	17.393181932696237	21.039844685752833	9.025214887849494
172.30.1.226	17.31345439052974	20.939612554831644	9.007612005404566
172.30.1.232	17.104775282085722	20.70575831170744	8.975756630519417
172.30.1.24	15.127568054008723	18.05705646637474	8.491054533806542
172.30.1.247	17.34804317245645	20.984828897458794	9.02063159674821
172.30.1.253	17.418995318460578	21.079997332586068	9.016876974763383
172.30.1.30	15.042679636412162	17.858969882883084	8.485496104672983
172.30.1.39	15.111577922983187	18.08600809310491	8.445052513638554
172.30.1.45	15.244450529805173	18.324107187423643	8.465478755729558
172.30.1.51	15.047419586728155	17.937456652236637	8.446770727119691
172.30.1.6	15.029558833827808	17.8753880293132	8.470730317005897
172.30.1.66	15.160960268057252	18.13805741445684	8.487352349405215
172.30.1.72	15.111532229792163	18.06189606179449	8.451907724717607
172.30.1.87	15.208176328478833	18.24016105082661	8.478244441277663
172.30.1.93	15.118507002295003	18.032886580954763	8.410498452745275
172.30.2.108	15.221089765296028	18.28983442899252	8.451480648050856
172.30.2.114	15.079568921191276	17.96889291503112	8.448271745949816
172.30.2.120	15.490264751502234	18.678111033281805	8.53030683056162
172.30.2.129	15.187004937662564	18.136190266272585	8.48301573961465
172.30.2.135	15.200571408622848	18.23223218737129	8.45553053102413
172.30.2.141	15.303601064916538	18.407068364476697	8.499232866039245
172.30.2.17	16.6453830924313	20.416556975038425	7.027314514039777
172.30.2.23	16.325873756111672	20.079431674320233	6.9957661563048505
172.30.2.38	16.744798281728283	20.52103473924522	7.109062135687172
172.30.2.44	16.524185963585403	20.27298594561066	7.01211529430638
172.30.2.50	15.353375344344432	18.498060234563336	8.492285555710053
172.30.2.59	15.080818790247623	17.95912670813532	8.450839690866216
172.30.2.65	15.185237178894214	18.18971140085277	8.461891875631148
172.30.2.71	15.277063354201513	18.334546894550027	8.475328987317539
172.30.2.8	16.53988774547132	20.304239534095597	7.00850518208228
172.30.2.86	15.10178566899209	18.03205266421327	8.484256691169973
172.30.2.92	15.078829331684831	17.937254975455183	8.493924564476883
10.0.0.42	20.091669206105205	20.840843521741974	14.440893754502811
10.0.125.25	12.529524772917659	12.66107049916883	6.42648845745769
10.1.55.43	16.30605196929031	18.759872771444083	9.001346243766392
10.10.6.2	19.464308844027098	20.212323793070528	13.360688700207435
10.12.15.152	19.862277324470938	20.574469555044907	14.306924589969723
10.138.214.211	14.663544290388367	15.758468353108595	8.525558107747866
10.138.235.166	12.547965876261223	12.678903524336679	6.444131256700441
10.138.235.95	15.773399248403678	19.360924064422765	8.558718938244736
10.16.5.15	20.22906604981627	20.980763351049628	14.317589238515659
10.170.148.135	15.791508079668006	19.34232890315022	8.648747631156539
10.2.6.49	17.309683912439557	20.88457557006082	8.621373010325902
10.206.5.2	19.104081385942084	19.863673391264157	13.447763110915398
10.247.119.132	12.58237667229535	12.713269693972148	6.480044561926653
10.38.217.2	12.685983287859193	12.811759257319874	6.582025138892826
10.45.245.101	10.130144923150134	10.171680948404047	4.02535169073515
10.47.56.7	19.105735877030593	19.866422226848716	13.449356543540333
10.57.105.222	16.208939964519036	19.123489589943247	9.739909238559308
10.57.105.44	15.102904050465657	14.92132849018268	8.158802490694002
10.6.6.7	19.89986831635997	20.64352898865979	14.201154518604762
10.7.6.3	20.294779661325176	21.046277466863103	14.34057512510665
10.72.42.35	9.996613530525611	10.038149555779524	3.8918202981106265
10.76.193.98	12.554395810250986	12.679526565670702	6.452048954437226
10.78.100.151	12.610990937494972	12.742185826822913	6.507277712385012
10.78.221.93	16.02129043414289	19.611259121118454	8.799963219506997
10.83.101.25	16.321087922204036	18.806576848672158	9.014082149443356
172.10.0.40	14.240231738806123	16.05562943444685	8.487558386286548
172.10.1.105	18.40624795045735	22.097331980986585	8.930494185292178
172.10.1.111	18.382114307913124	22.06293559520045	8.964311948124514
172.10.1.12	15.592155712563102	17.910448627359475	9.245031611766112
172.10.1.126	18.392142412053804	22.0739690677009	8.959311617172437
172.10.1.132	18.458891966972665	22.143023557883286	8.962904128092928
172.10.1.147	18.46865931220024	22.15650615439603	8.952993499320474
172.10.1.153	18.519924142138372	22.205924170163716	8.97790377375038
172.10.1.168	18.416006024457417	22.09914642875462	8.99317889233952
172.10.1.174	18.553965126072306	22.24097247466841	8.99342737041261
172.10.1.180	18.619052865170186	22.313125450140912	8.99230873254815
172.10.1.189	18.481774827319185	22.168853300627823	8.960596138864794
172.10.1.195	18.45826652517866	22.143435740153738	8.95789673495042
172.10.1.207	16.149472023718342	19.513624573887913	9.030735122676456
172.10.1.213	16.457172848862694	19.947774076937712	9.035153304082828
172.10.1.228	16.309096434064543	19.756459187396487	9.015055148790369
172.10.1.234	16.478871365233275	19.964711478609267	9.040737587590003
172.10.1.240	16.400361783649632	19.812975362469135	9.023769800892813
172.10.1.249	15.908164184397572	19.056785848022557	9.02725852623582
172.10.1.27	15.700062190968646	18.298853526606113	9.242420265439595
172.10.1.3	15.582643433256012	17.866802079705135	9.235813167949214
172.10.1.33	15.595887154073619	17.894783308912753	9.245514446983837
172.10.1.48	15.52554302689398	17.58024555812049	9.241354425505353
172.10.1.54	15.617591411308931	17.99653339448124	9.242517103671403
172.10.1.60	15.626403312882328	18.02540891738048	9.24048152888817
172.10.1.69	15.556703486199403	17.74438556736809	9.237955539009157
172.10.1.75	15.846157785466067	18.68731924545579	9.245224773829685
172.10.1.81	15.565205246844696	17.766390614274748	9.24329147211587
172.10.1.96	15.569846072235181	17.809552661334788	9.239704980606087
172.10.2.101	15.513754452786683	18.411523615131273	8.94793610670867
172.10.2.11	14.780794481015532	18.50783584311347	6.55250788703459
172.10.2.116	15.252306475129615	17.5329699373177	8.978282203272398
172.10.2.122	15.330532950266708	17.905410289880965	8.953252164609035
172.10.2.137	15.28669577853148	17.6971366013931	8.977777598745481
172.10.2.143	15.505705999449301	18.36045269536537	8.951180966457603
172.10.2.26	14.764224335729564	18.46834144194352	6.48768401848461
172.10.2.32	15.015694292824563	18.689655663656556	6.6240652277998935
172.10.2.47	15.388082183407311	19.169264277567457	6.7357800142423265
172.10.2.5	14.566597347152047	18.215689156868752	6.60934924316738
172.10.2.53	15.335138198335528	17.977055969181947	8.922658299524402
172.10.2.68	15.336857747488088	17.897973529484183	8.970304952991755
172.10.2.74	15.443072827441439	18.21241611296671	8.958154135209242
172.10.2.80	15.508649892191842	18.37253328570323	8.967504187316237
172.10.2.89	15.408121080690089	18.093426437371043	8.974364841846596
172.10.2.95	15.381938458913872	18.04539398399162	8.973604867142505
172.20.0.3	19.508182731161458	17.383486437601125	10.584638059911889
172.20.1.100	16.819042038481353	20.429465261908142	8.36287583103188
172.20.1.109	14.506078916218469	18.09800318376394	6.522092798170152
172.20.1.11	16.626691009530784	20.253274601223875	8.268731832117737
172.20.1.115	14.235512821081537	17.74026378913113	6.523562306149512
172.20.1.121	14.621269649152474	18.184554974631638	6.601230118728877
172.20.1.136	14.78605043140231	18.350439186038056	6.553933404025811
172.20.1.142	14.332636294278744	17.84312005507811	6.566672429803241
172.20.1.157	14.669399364553463	18.185968672096983	6.582025138892826
172.20.1.163	14.721314090897376	18.356033214206906	6.429719478039138
172.20.1.178	14.526133641487618	18.126819419184212	6.565264970035361
172.20.1.184	14.566544498167067	18.08755933901883	6.501289670540389
172.20.1.190	14.23594637700226	17.788644259996538	6.608000625296087
172.20.1.199	14.759113298082953	18.379988147309845	6.61472560020376
172.20.1.202	19.171540593058072	22.962482961731748	9.303557453687317
172.20.1.217	19.115848841084116	22.903141217203693	9.307376334487778
172.20.1.223	19.114662136460748	22.90923364536966	9.301459965343666
172.20.1.238	19.23843427719326	23.033209464891428	9.345046074828474
172.20.1.244	19.15528769161239	22.952906354747203	9.324739912284679
172.20.1.250	19.179431631263203	22.97413384808347	9.322418275381533
172.20.1.26	16.72434139393962	20.330984304345762	8.273846932784508
172.20.1.32	16.564761177975196	20.179459111898204	8.327242607457793
172.20.1.47	20.14032717367084	24.038287120385572	10.390010237778945
172.20.1.5	16.828757205503717	20.472843069446423	8.237743803890933
172.20.1.53	16.8504533042345	20.544102819909813	8.317033476492403
172.20.1.68	16.65332014661613	20.238743536010386	8.27614021955846
172.20.1.74	16.582334508290202	20.199942340780442	8.292298107063221
172.20.1.80	16.690502765654266	20.318100333452303	8.303504798872783
172.20.1.89	16.65206179563844	20.271988723647656	8.326032685955079
172.20.1.95	16.53298402034982	20.155506771091254	8.255308811785596
172.20.2.10	15.476089013119983	19.14001728958036	7.00850518208228
172.20.2.105	16.821546317826485	20.449860288222435	8.32239411311117
172.20.2.111	16.93326588779162	20.559352667712677	8.26796230533871
172.20.2.126	16.48795209593242	20.09939254171866	8.242229891372231
172.20.2.132	16.77597890395399	20.40511959342372	8.312135107648412
172.20.2.147	16.646648101978737	20.270504946374064	8.327000740241713
172.20.2.19	15.657919255880755	19.386698842589134	6.902742737158593
172.20.2.25	15.442913920922233	19.087832312511797	6.872128101338986
172.20.2.31	16.14723310230812	19.88591247670231	7.020190708311925
172.20.2.46	15.116636116238974	18.805634607354328	6.705639094860003
172.20.2.52	16.73964596543547	20.359723991140477	8.299285906897275
172.20.2.67	16.76633317094632	20.408768687101894	8.28576542051433
172.20.2.7	15.825742284983832	19.59429728704084	6.92461239604856
172.20.2.73	16.773465779784186	20.416914389865013	8.301769763117166
172.20.2.88	16.805159264090197	20.439146696374525	8.296546520300614
172.20.2.94	16.617209195303072	20.220980006789212	8.30795254527102
172.30.0.5	10.211560314635642	10.013238416495247	5.602118820879701
172.30.1.10	15.193820377300964	18.242149044567917	8.458716261657262
172.30.1.104	15.027975204322876	17.88510301540971	8.402679804627477
172.30.1.110	15.20754839371123	18.254151029056068	8.420682291035394
172.30.1.119	14.827805774012228	17.400868692949967	8.39502555744203
172.30.1.125	15.109826134017181	18.133345971185065	8.39728289474368
172.30.1.131	15.146331584700032	18.217340604247752	8.415824697027949
172.30.1.146	15.137162925926882	18.176009845617617	8.421342865759403
172.30.1.152	15.621800775988913	18.95680118528837	8.438366410870266
172.30.1.167	15.19903107553477	18.3198890309582	8.415160465851086
172.30.1.173	15.372409347657275	18.583903006553417	8.438799123988225
172.30.1.188	15.05740785109219	17.96913923608295	8.436200032206706
172.30.1.19	15.114517867736215	18.07390559210742	8.471358655072438
172.30.1.194	15.01989657690529	17.896267120029595	8.395477432732141
172.30.1.206	17.32580058222642	20.952313053683564	8.98882050177807
172.30.1.212	17.286319384202038	20.922318513030007	9.002577922700276
172.30.1.227	17.322519423582765	20.974276080856832	9.014082149443356
172.30.1.233	17.161561441702137	20.79193274798069	9.019664010799474
172.30.1.248	17.593635566433882	21.269559244466024	9.053101595549691
172.30.1.25	15.100064786368465	18.040068606308267	8.457867725331422
172.30.1.254	17.262239976461867	20.88785974084506	9.000483164987708
172.30.1.31	15.003656983230808	17.763701699091374	8.461891875631148
172.30.1.46	15.186165508562098	18.215882876754932	8.479906606630221
172.30.1.52	15.22930845537304	18.308040495218513	8.469891918298224
172.30.1.67	15.189080303459319	18.279940377576516	8.429235912657095
172.30.1.7	15.034445469620096	17.84437569431452	8.476371196895983
172.30.1.73	15.274038134980064	18.32387568136733	8.446770727119691
172.30.1.88	15.086574186030669	17.973235486546535	8.470311205516108
172.30.1.94	15.155819094077382	18.183450932985757	8.448271745949816
172.30.2.100	15.331410678985382	18.50083279949336	8.43771698991444
172.30.2.109	15.172988691066124	18.17353815571856	8.441175704992322
172.30.2.115	15.124822897727952	18.093366926685363	8.446126742982377
172.30.2.121	15.251206562928456	18.28432026752718	8.492080490601163
172.30.2.136	15.119577535075509	18.059187840836984	8.45807992692373
172.30.2.142	15.247819568406648	18.2969145108653	8.48920515487607
172.30.2.18	16.09941515184076	19.857871753806318	6.918695219020472
172.30.2.24	16.233943214796938	19.99256734692311	6.966967138613983
172.30.2.30	16.57467400057882	20.33230664890277	6.9957661563048505
172.30.2.39	16.97029750992132	20.737720974222565	7.238496840894365
172.30.2.45	16.418993706311472	20.169711711457488	6.984716320118266
172.30.2.51	15.364939621454903	18.502429159156275	8.491670234185152
172.30.2.66	15.079905328279223	17.922599399114564	8.46779284112111
172.30.2.72	15.315338047776908	18.416303206501013	8.514990767861038
172.30.2.87	15.389846543387991	18.58309551052537	8.470311205516108
172.30.2.9	16.651254286131923	20.407637693342927	7.106606137727303
172.30.2.93	15.198728943116985	18.20892588212176	8.503905297089302
10.0.125.6	15.113555230248252	14.945743922220197	8.160232492367689
10.13.77.49	19.626310381971017	21.590152968257495	13.864742529284458
10.145.103.224	9.975994243322877	10.017530268576788	3.871201010907891
10.152.106.91	10.231927617460077	10.273463642713988	4.127134385045092
10.156.165.120	19.655198938439177	21.355422515764023	13.901423999109538
10.170.32.110	19.84417952726102	21.34983379956273	14.048713741088777
10.175.195.108	10.30948585180595	10.351021877059864	4.204692619390966
10.247.106.242	12.573725115348855	12.705774630386225	6.472346294500901
10.247.119.127	12.58811217135928	12.710320684335775	6.486160788944089
10.27.59.101	15.111501584087156	14.94501667965373	8.159374736775426
10.33.0.15	15.112708096336098	14.946913959777122	8.161089512845797
10.38.221.184	14.725065857656105	15.82751926067341	8.587278798982926
10.40.164.25	10.051390182459624	10.097572976250325	3.9512437185814275
10.40.88.233	10.127990179887968	10.171680948404047	4.02535169073515
10.47.55.6	18.912914578501784	19.672449226682076	13.257595073692956
10.51.88.253	14.755638121718777	14.235391260306749	7.206377291472252
10.6.6.13	20.179182838460964	20.931682536146955	14.257735661834788
10.76.193.186	15.104450877015632	14.924109810477923	8.159660737063376
10.89.54.12	19.26887914016401	20.030802386589688	13.611717325787977
172.10.0.2	13.480476886112408	12.732249828800601	7.822044008185619
172.10.1.106	18.396598551767543	22.081464077476706	8.961879012677683
172.10.1.112	18.50241999015177	22.19747699037708	8.948975607841776
172.10.1.127	18.517972096301328	22.20636688527191	8.974364841846596
172.10.1.13	15.563943336036688	17.76944937227957	9.23941361946189
172.10.1.133	18.39771914254729	22.087221346275072	8.899457906353966
172.10.1.148	18.349028167154394	22.041667552002185	8.943375541113124
172.10.1.154	18.44512152971507	22.132132641514907	8.953898535260459
172.10.1.160	18.511178983099647	22.20088474190161	8.977020214210413
172.10.1.169	18.49136694494733	22.180800558423655	8.952605375892354
172.10.1.175	18.517742134945443	22.210158474165322	8.975756630519417
172.10.1.181	18.566535470175154	22.248668072237656	8.978029932837156
172.10.1.196	18.421523119054815	22.109917071879266	8.939318740417509
172.10.1.208	16.489483398833936	19.92713322021528	9.042868018032435
172.10.1.214	16.315539290526665	19.721453907213974	9.046408680293819
172.10.1.220	16.23235220922946	19.60830651156577	9.033245134153809
172.10.1.229	16.253585961150367	19.660087951436644	9.017968479328726
172.10.1.235	15.898078831319916	19.048044356625603	9.007734471879521
172.10.1.241	16.116605741594384	19.451491344250275	9.020389788017736
172.10.1.28	15.601464708892983	17.947995891437902	9.2387334464774
172.10.1.34	15.600080410392215	17.937243105124917	9.242807562113684
172.10.1.4	15.588999295944017	17.884360783801352	9.237177025929743
172.10.1.40	15.570553655556433	17.816590322161836	9.237177025929743
172.10.1.49	15.558724533088736	17.75440919633707	9.239899174217728
172.10.1.55	15.669438867853586	18.199203815550323	9.245610986058102
172.10.1.61	15.709807511845176	18.331895649400824	9.239510749275963
172.10.1.76	15.583315904351265	17.855824486209738	9.241063544619024
172.10.1.82	15.591855328839676	17.88737802568897	9.24377514806242
172.10.1.97	15.62183297089821	18.02455050506248	9.242517103671403
172.10.2.102	15.454924661249327	18.249409803564472	8.93748122841604
172.10.2.117	15.326443512721523	17.87669143415191	8.963672275615016
172.10.2.12	14.944239745536194	18.695624864568448	6.539585955617669
172.10.2.123	15.353900703344666	17.906214835716863	8.978282203272398
172.10.2.138	15.304437768039246	17.84111162831603	8.952993499320474
172.10.2.144	15.303527676114033	17.776802831820696	8.973984926689743
172.10.2.27	14.964223580201875	18.65670766708131	6.532334292222349
172.10.2.33	14.913894820636433	18.633093372310647	6.6039438246004725
172.10.2.48	15.33910927885814	17.85219544544205	8.939843124278502
172.10.2.54	15.234576999814282	17.582154064048154	8.942722330560143
172.10.2.6	15.269887309542364	18.98935846823539	6.679599185844383
172.10.2.60	15.240229883020694	17.58403268590272	8.952993499320474
172.10.2.69	15.281780855297768	17.741032106739294	8.960467760919949
172.10.2.75	15.40224426960632	18.053972318274955	8.952475967933584
172.10.2.81	15.240118249536403	17.568565287562567	8.944289319650697
172.10.2.96	15.395034887229519	18.073576539736436	8.97853441008332
172.20.0.4	18.880630571429503	14.662883701231936	12.329462157707075
172.20.1.101	14.583182945052144	18.1947317610925	6.490723534502507
172.20.1.116	14.491810619407817	18.030956865052563	6.590301048196686
172.20.1.12	16.630774356706848	20.23926356389129	8.245909264774093
172.20.1.122	14.266926246882818	17.827832026453326	6.35088571671474
172.20.1.137	14.739704378004772	18.3361760263019	6.648984550024776
172.20.1.143	14.614532372000829	18.147753114074415	6.668228248417403
172.20.1.158	14.630832449973381	18.185916976176777	6.616065185132817
172.20.1.164	14.642555564004022	18.19509443653733	6.630683385642372
172.20.1.170	14.249454921411562	17.795567599343464	6.504288173536645
172.20.1.179	14.279023166039638	17.829518038633545	6.51471269087253
172.20.1.185	15.080091701621145	18.71252233609524	6.606650186198215
172.20.1.191	14.517542154957749	18.111821108212972	6.48768401848461
172.20.1.203	19.174837865025136	22.964726789804267	9.32143441948177
172.20.1.218	19.15538893549262	22.949618085844495	9.33184978937338
172.20.1.224	19.188520343343797	22.984146731809673	9.341719450032562
172.20.1.230	19.119672953996826	22.915026919538818	9.3195534569495
172.20.1.239	19.197566501730602	22.9897536477222	9.325364048544964
172.20.1.245	19.104365471377452	22.893164311022698	9.31739944426959
172.20.1.251	19.1389087885526	22.930805709771228	9.311451873344595
172.20.1.27	16.725672143510433	20.366774037664243	8.261268150577648
172.20.1.33	16.719882246784696	20.347955065364527	8.327000740241713
172.20.1.48	16.68351530667915	20.31124862611687	8.329175442077402
172.20.1.54	16.775986414150573	20.407126544821487	8.38206051742474
172.20.1.6	16.769101738202945	20.41663317634998	8.230577217146454
172.20.1.60	16.722114415181377	20.324742480531647	8.32579052588609
172.20.1.69	16.669683241842957	20.306069916623443	8.29853954537488
172.20.1.75	16.746230331403737	20.39121259855459	8.327484416188264
172.20.1.81	20.141146196087618	24.03949374584015	10.3882258415388
172.20.1.96	16.70818111603793	20.334123397802987	8.302017809751204
172.20.2.106	16.716272044113822	20.359082594721457	8.339023005744759
172.20.2.11	15.288359379203177	18.989669762728848	6.748759547491679
172.20.2.112	16.878620599427332	20.537516356730606	8.271804031154709
172.20.2.127	16.644402933006518	20.263333030304324	8.252967195000798
172.20.2.133	16.611579206568113	20.22641143455624	8.289539484624141
172.20.2.26	15.868138173032282	19.604440268455914	6.811244378601294
172.20.2.32	15.862909422638158	19.54286945502261	6.945051063725834
172.20.2.47	14.892836899761464	18.557027312747355	6.633318433280377
172.20.2.53	16.884288021261636	20.537510115754237	8.290292591224315
172.20.2.68	16.660031901389466	20.301663788952972	8.259716961021523
172.20.2.74	16.75345533749592	20.389156594454214	8.309184527686298
172.20.2.8	15.519955149605597	19.195469937230868	6.779921907472252
172.20.2.80	16.77913866358023	20.41643299485308	8.329175442077402
172.20.2.89	16.75713357603123	20.396187902563696	8.254268770090183
172.20.2.95	16.917533099822116	20.5869013915865	8.315321775377567
172.30.0.6	10.158207287285082	9.95018028052811	5.54907608489522
172.30.1.105	15.124614701689163	18.1018333866232	8.450839690866216
172.30.1.11	15.297344390780912	18.467396233662775	8.449128460502108
172.30.1.111	15.370591329327636	18.603717628171974	8.43076346341785
172.30.1.126	15.26415792873038	18.431291896019054	8.434246270595311
172.30.1.132	14.931094673605772	17.747189415211725	8.37655086161377
172.30.1.147	15.394100115040505	18.660351950003314	8.371704884667631
172.30.1.153	15.168107743074078	18.23101614086291	8.424858580213442
172.30.1.168	15.124600658372554	18.164335839731606	8.422442854870427
172.30.1.174	15.034403501380588	17.92257492932347	8.43663368355782
172.30.1.180	15.215991807594708	18.266413253969734	8.425735580927402
172.30.1.189	15.179547295749744	18.17076319672154	8.442038517815478
172.30.1.195	15.027483971889396	17.93269147440934	8.405814603432848
172.30.1.207	16.970042445428927	20.556395393329286	8.964311948124514
172.30.1.213	17.537409614951358	21.222982450115047	9.045111892608405
172.30.1.228	17.142491448764254	20.757018890230086	9.003439196207838
172.30.1.234	17.272318443108077	20.905968782669028	9.000483164987708
172.30.1.240	17.114415564260685	20.726418577831826	8.990690709916228
172.30.1.249	17.340702871075248	20.973027317361066	9.021477467138807
172.30.1.26	15.056577681654415	17.921589255154167	8.478244441277663
172.30.1.32	15.105369456386462	18.074539779464143	8.449984441722787
172.30.1.47	15.180892776503478	18.21716502524687	8.479491324232226
172.30.1.53	15.282283839295484	18.424321458501	8.440312147080279
172.30.1.68	15.208285623878822	18.213586731980705	8.462737005620179
172.30.1.74	15.001616496198785	17.858033861889	8.424858580213442
172.30.1.8	15.137800388681493	18.133287189875155	8.451053388911692
172.30.1.80	15.30034170597046	18.47847105643564	8.427049641563272
172.30.1.89	14.98750526992489	17.729125176104652	8.464846711044029
172.30.1.95	14.945682881317767	17.641577752732942	8.445697189711167
172.30.2.1	16.173759754427998	19.922973259887232	6.934397209928558
172.30.2.10	16.21802976026802	19.954554767977758	6.994849985833071
172.30.2.101	15.302541259705357	18.40216633514633	8.471777327885755
172.30.2.116	15.300976950512839	18.43095770462452	8.452547997922705
172.30.2.122	15.256546150001002	18.32864127453861	8.477204183199873
172.30.2.137	15.134032909185187	18.121940366537398	8.45531778769815
172.30.2.143	15.245700505278457	18.2651924298912	8.513385953073284
172.30.2.19	15.838189401615978	19.576568592191187	6.818924065275521
172.30.2.25	16.76934609300086	20.53430987427041	7.132497551660044
172.30.2.31	16.2765448503273	20.018061688390635	6.92951677076365
172.30.2.46	16.641124629967287	20.40907652736859	7.113956109566034
172.30.2.52	15.174279291042456	18.137064952960973	8.486115235845377
172.30.2.67	15.194280934770074	18.145859679711272	8.467162257810672
172.30.2.73	15.41671486712481	18.583388204177105	8.477204183199873
172.30.2.88	15.36112286840688	18.464396598417935	8.516593011344206
172.30.2.94	14.968049952823842	17.6913365861386	8.45914025996762
10.0.3.77	16.417482207905078	18.835909485618856	9.27049429479593
10.1.0.100	18.219866502632446	14.633923376225459	5.8998973535824915
10.11.6.15	19.090736467138505	19.8469020639676	13.179720549268371
10.138.121.19	15.896067851960929	19.47847539225741	8.69349667588463
10.138.214.213	15.771241609412389	19.32054514737336	8.631949428714426
10.138.235.111	19.553944801590553	21.275585580218046	13.85647110288598
10.149.59.251	10.075085145967106	10.11662117122102	3.970291913552122
10.149.59.54	14.753196765524848	14.23221757172459	7.20414929203594
10.156.215.223	12.643333534177867	12.766276831753938	6.539585955617669
10.156.215.83	12.585686470047905	12.710157601957672	6.483107351457199
10.170.121.155	15.679369579057687	19.229563492202633	8.53915035876828
10.170.148.52	15.103426361620183	14.922934575729139	8.159660737063376
10.179.19.82	10.165236242961404	10.20876393338886	4.060443010546419
10.205.221.98	10.21368914641778	10.345284589891683	4.110873864173311
10.247.106.27	19.7946362738217	21.43610344046865	14.029903937945678
10.41.9.89	15.118930518449753	14.955472062147223	8.17695386822578
10.51.88.167	14.757023713273757	14.237314130143128	7.2078598714324755
10.57.84.160	15.713949272943278	19.265880363141754	8.567315800819449
10.6.6.14	20.220645963732004	20.97242173060008	14.271380399139613
10.62.15.101	16.311956539500972	18.772889228093398	9.011767474596178
10.76.193.130	12.596566237708192	12.719656461983085	6.493753839851686
10.76.193.22	16.024941884422738	19.60974842273821	8.811503250158239
10.78.100.174	12.584495382526455	12.706744897831646	6.480044561926653
10.78.90.190	12.501410338792832	12.625894204854957	6.398594934535208
172.0.0.1	14.143590535022893	NULL	6.311734809152915
172.10.0.3	21.1305410331895	18.73951827050292	11.61301511398424
172.10.1.107	18.35864243334865	22.04141177600298	8.945723572455398
172.10.1.113	18.543337731473592	22.23546164649397	8.956479847999912
172.10.1.128	18.433062137179302	22.115544554283982	8.94663520890585
172.10.1.134	18.498145982033922	22.186620687729484	8.961622569542543
172.10.1.14	15.553551161905729	17.747078059336353	9.237955539009157
172.10.1.140	18.422033718269695	22.105327017286147	8.926251835034533
172.10.1.149	18.448795329056928	22.134012023864983	8.977398978181862
172.10.1.155	18.44292282473346	22.125341869792	8.956222016362542
172.10.1.161	18.524518550877463	22.219364910037957	8.962776046120291
172.10.1.176	18.424680653637004	22.11257603236297	8.931816237309167
172.10.1.182	18.50272684349561	22.19504815121404	8.97727273946428
172.10.1.197	18.516959263854957	22.2088951955962	8.960852845322371
172.10.1.20	15.581035559887988	17.872097436283685	9.2387334464774
172.10.1.200	18.462668950982383	22.15303520511456	8.96341629199657
172.10.1.209	16.37159116560679	19.85175152493621	9.00859131751613
172.10.1.215	16.38142391217007	19.82885274470717	9.038008749211576
172.10.1.221	16.435313127319652	19.901592831549742	9.057655284310535
172.10.1.236	15.665625566783817	18.58873443883872	9.008713664124222
172.10.1.242	16.165262784440014	19.537374797729367	9.003316202541857
172.10.1.29	15.601401675381766	17.92688519836758	9.24435525056346
172.10.1.35	15.580704603652475	17.8521004874668	9.241451367001236
172.10.1.41	15.582318135158614	17.842472130715127	9.239704980606087
172.10.1.5	15.558544660923468	17.743206990990924	9.238052810542719
172.10.1.56	15.613792211432127	17.982297061233055	9.243581705755984
172.10.1.62	15.589124386335566	17.878213203267233	9.23921933152656
172.10.1.77	15.553631880523046	17.723762722700656	9.242323417829233
172.10.1.83	15.633972975426785	18.052180281952523	9.245128197461847
172.10.1.98	15.613385787746243	17.98053418702434	9.24483841238375
172.10.2.103	15.264164035794257	17.68904920946013	8.942591637231851
172.10.2.118	15.336362909576728	17.90696942724324	8.955448122347393
172.10.2.124	15.300736941183022	17.84687992752491	8.939843124278502
172.10.2.13	15.267118764580113	18.95813684387668	6.674561391814426
172.10.2.130	15.399898113825255	18.068248145669383	8.98744678941718
172.10.2.139	15.34551146258497	17.9321313848638	8.964567702601611
172.10.2.145	15.308324762461837	17.851431518097904	8.952864141581468
172.10.2.28	14.282124072258515	17.874741748346246	6.431331081933479
172.10.2.34	14.843664258650481	18.499732819573495	6.659293919683638
172.10.2.40	14.995753216380152	18.715893256335075	6.508769136971682
172.10.2.49	15.351458860865227	18.01631669445663	8.935771938669784
172.10.2.55	15.25749243223545	17.677963919507594	8.935245415029874
172.10.2.61	15.565962150761685	18.518560428840132	8.969541885423252
172.10.2.7	15.054230526334953	18.814960515434915	6.530877627725885
172.10.2.76	15.29459556388783	17.80972042610635	8.944028325260595
172.10.2.82	15.22315194142344	17.49278164494225	8.958025443361693
172.10.2.97	15.232380922247993	17.52388661216068	8.962391701743002
172.20.0.5	10.2909923352673	10.109281465515226	5.6937321388027
172.20.1.102	14.642467217479155	18.21792956021903	6.594413459749778
172.20.1.117	14.539745468447311	18.11677030093165	6.489204931325317
172.20.1.123	14.165749032202312	17.68357519726336	6.456769655572163
172.20.1.13	16.491801049938598	20.099870279415317	8.258681496264236
172.20.1.138	14.47867728239917	17.97632870537928	6.647688373563329
172.20.1.144	14.512582028416373	18.089448639823974	6.511745329644728
172.20.1.150	14.371823755489508	17.910826181886645	6.461468176353717
172.20.1.159	14.92171296864008	18.445234927449675	6.634633357861686
172.20.1.165	14.809259614715907	18.437810341100192	6.641182169740591
172.20.1.171	14.744111606011508	18.316759902577125	6.626717749249025
172.20.1.186	14.574801221021993	18.163001077600757	6.504288173536645
172.20.1.192	14.613701754101179	18.132363669929756	6.5998704992128365
172.20.1.204	19.20978257387424	23.005284123081438	9.31217467785745
172.20.1.210	19.14455136868343	22.940245431186195	9.320897362540826
172.20.1.219	19.147925024733794	22.943410408691616	9.32750099174976
172.20.1.225	19.18918289419847	22.983311640880316	9.342771159156673
172.20.1.231	19.196685606425564	22.989782981804385	9.331141072121888
172.20.1.246	19.17879508033541	22.973292746233387	9.326433090963036
172.20.1.252	19.21021990078196	23.006187642620013	9.337061124755339
172.20.1.28	16.58789863507617	20.21472338475941	8.25088114470065
172.20.1.34	16.50537105830467	20.09739605088381	8.318010277546872
172.20.1.40	16.840188630377643	20.48496312901969	8.366370301681654
172.20.1.49	16.602580112522435	20.191637703568485	8.33110454805304
172.20.1.55	16.8552372286439	20.523092386282016	8.37770121259764
172.20.1.61	16.729211343364533	20.348500091073493	8.355850041007475
172.20.1.7	16.732277002136442	20.384194527259098	8.270013062273787
172.20.1.76	16.534671208800646	20.12387372399402	8.295049140435111
172.20.1.82	16.797968313672598	20.432882752042474	8.318254328798846
172.20.1.97	16.508415580995933	20.125043110899263	8.292798858200374
172.20.2.107	16.787907876893097	20.424943840726915	8.326274787396764
172.20.2.113	16.828018971854835	20.48836117410483	8.299534570332597
172.20.2.12	15.198246595754078	18.877023588115676	6.762729506931879
172.20.2.128	16.67835900060896	20.28512711466277	8.260234291607297
172.20.2.134	16.840857117657443	20.46993405302842	8.355144739461839
172.20.2.140	16.926397705470134	20.576543002578763	8.314587291319576
172.20.2.27	15.166917881977191	18.815944178156677	6.776506992372183
172.20.2.33	15.785405752270048	19.5080051501772	6.846943139585379
172.20.2.48	16.500717220883853	20.11832066562546	8.236155661683124
172.20.2.54	16.74566948179691	20.389803770214474	8.267705664762426
172.20.2.60	16.932411019963137	20.586176040706626	8.29254851397576
172.20.2.69	16.831030556742625	20.476266635097602	8.268731832117737
172.20.2.75	16.732277489111627	20.343894712220465	8.306472160100585
172.20.2.81	16.60117800460649	20.22588996671078	8.274866820685254
172.20.2.9	15.764778207159761	19.47345227068499	6.811244378601294
172.20.2.96	16.657470188559397	20.293068789199577	8.289288323000317
172.30.0.7	10.210383843911714	10.014223594130794	5.602118820879701
172.30.1.106	15.186285107426128	18.18189699489996	8.470101583882387
172.30.1.112	15.071430822664528	18.03025679827797	8.415603335654604
172.30.1.12	15.08342501783895	18.00289192996337	8.457230850243555
172.30.1.127	15.226472653316291	18.343626920112055	8.421342865759403
172.30.1.133	15.26248365708335	18.41422706368497	8.415824697027949
172.30.1.148	15.275078382417954	18.492292279743115	8.391176350832751
172.30.1.154	15.075815301360622	18.057386181460544	8.401333305321703
172.30.1.160	15.64230748348402	18.979854428460182	8.46168048148598
172.30.1.169	15.214697452066103	18.28880126616492	8.448057452581375
172.30.1.175	15.215720644683795	18.299025871149045	8.444407421690585
172.30.1.181	15.2539942993668	18.39913993769801	8.429672593886743
172.30.1.196	15.075290847370006	18.008985463562244	8.431635303054591
172.30.1.208	17.253365627444865	20.89611506757475	9.003193193746572
172.30.1.214	17.184269420644572	20.802110955796635	9.000359807188254
172.30.1.220	17.19478480764851	20.8272858998988	9.025696119812583
172.30.1.229	17.240761356104567	20.87920661844234	9.008224187854049
172.30.1.235	17.299112747650764	20.933721546537367	9.021235862885396
172.30.1.241	17.46229335134938	21.10653467026863	9.012742727629712
172.30.1.27	14.987268903913346	17.738987634348636	8.46863300080086
172.30.1.33	15.043689807940096	17.92710884820224	8.452547997922705
172.30.1.48	15.150039934520924	18.131229547523187	8.43771698991444
172.30.1.54	15.120358393185414	17.99281409449466	8.419800845407588
172.30.1.60	14.996441117094074	17.83043637336433	8.432724034789787
172.30.1.69	15.199073441994878	18.237311730767455	8.419580362549237
172.30.1.75	15.192036614163271	18.20744684197077	8.460622839927844
172.30.1.81	15.036108299012533	17.896779759008382	8.442685139241176
172.30.1.9	14.96268377818082	17.756484608171274	8.422662707570003
172.30.1.96	15.161738888750966	18.143198502579118	8.462948176563842
172.30.2.102	15.304403248415346	18.3634169563255	8.479283618343016
172.30.2.11	16.60013999893072	20.353231511094588	7.071573364211532
172.30.2.117	15.232799098445897	18.30885353087157	8.452974619089586
172.30.2.123	15.144529027755771	18.049410447015113	8.463792414689122
172.30.2.138	15.189706274757219	18.179340087551157	8.46611040118692
172.30.2.144	15.375660532360085	18.538162391973835	8.503094267036737
172.30.2.2	16.60534717636361	20.372737924097702	7.0925737159746784
172.30.2.26	16.266501173213097	20.023688531372013	7.004881989712859
172.30.2.32	16.638726565356684	20.420656938337412	7.060476365999801
172.30.2.47	16.198966907598034	19.93766620318903	6.96979066990159
172.30.2.53	15.013444967826564	17.827440091059962	8.444622498581403
172.30.2.68	15.198348703245257	18.15575437208904	8.472195825485501
172.30.2.74	15.022392925403288	17.73201882953057	8.46653127661401
172.30.2.80	15.156873450563737	18.135908912637806	8.464425125877582
172.30.2.89	15.236521754991987	18.29140131604308	8.46884293047519
172.30.2.95	14.959032794075569	17.619013305447023	8.480736654405622
10.0.3.169	15.803279147101675	19.35683406603077	8.659213451436667
10.117.23.184	9.888982866333246	10.018600359636633	3.784189633918261
10.138.235.56	12.492341219463448	12.621554088913827	6.38856140554563
10.138.78.210	10.01681623784313	10.058352263097044	3.912023005428146
10.138.78.75	14.751095552645157	14.230852726914692	7.201916317531627
10.145.238.216	10.147844500249535	10.189380525503447	4.04305126783455
10.156.215.101	12.532371883652475	12.657893210279598	6.429719478039138
10.156.81.176	12.521248282290877	12.652257342915355	6.418364935936212
10.170.32.181	19.81072416605244	21.270034890974422	14.049340802613607
10.179.19.229	9.815421073667677	9.94798279242268	3.713572066704308
10.205.221.170	10.182330676320705	10.226114382335288	4.07753744390572
10.228.106.160	10.231927617460077	10.273463642713988	4.127134385045092
10.27.200.49	16.29020953628985	18.68579697980906	8.998384010052538
10.36.156.148	9.930810848185018	9.974970654157993	3.828641396489095
10.36.218.250	9.996613530525611	10.038149555779524	3.8918202981106265
10.38.37.229	15.103454497424542	14.922606756280693	8.159374736775426
10.38.37.74	12.51215930965806	12.635091506592074	6.408528791059498
10.39.231.243	9.975994243322877	10.017530268576788	3.871201010907891
10.45.164.150	10.199137794637085	10.240673819890999	4.0943445622221
10.57.81.245	16.117783602276194	19.025040043200168	9.657075374282565
10.57.84.113	16.24773566949821	19.163077978154462	9.776165413960777
10.77.101.2	16.332769515524674	18.83141726040858	9.03491498187007
10.78.100.154	15.686814918668249	19.240233228018305	8.539737155851132
10.78.90.179	12.594866219350367	12.717320180279208	6.493753839851686
10.88.25.4	15.114707992980769	14.95062351766908	8.17244681834278
172.10.0.4	19.896048549538634	16.09798038879695	11.994832961218787
172.10.1.108	18.46346248411608	22.154340124111698	8.952605375892354
172.10.1.114	18.4315753713914	22.126637845632178	8.947285869349132
172.10.1.120	18.577542833156134	22.260512728547162	8.984443032465352
172.10.1.129	18.44686175077332	22.126385348790933	8.96098117384356
172.10.1.135	18.387652083609964	22.06914472611288	8.93313654381203
172.10.1.141	18.523519476586532	22.212196875693184	8.944419791305915
172.10.1.15	15.624959148096714	18.038123613017245	9.236690147298965
172.10.1.156	18.43768984553542	22.117245347014137	8.958025443361693
172.10.1.162	18.59252372506308	22.282542528692495	8.997270906233448
172.10.1.177	18.455958347101472	22.147321860784526	8.978029932837156
172.10.1.183	18.40643057081283	22.094093655606947	8.958925938694943
172.10.1.198	18.52937173641022	22.206023157710007	8.984568369308281
172.10.1.201	15.963338170398062	19.172699457625143	9.019664010799474
172.10.1.21	15.614253419779665	17.98915712283643	9.241257474610904
172.10.1.216	16.377684452003443	19.87745906233807	9.023890304598448
172.10.1.222	15.871658267678821	19.02645365986874	9.00810178134187
172.10.1.237	16.5582460746301	20.04441749302618	9.023890304598448
172.10.1.243	16.263430038381955	19.665724553392845	9.02905827475689
172.10.1.36	15.59850640525485	17.923249793005617	9.243097936214355
172.10.1.42	15.617799893052936	17.98639570257174	9.240869577011006
172.10.1.57	15.560195540406397	17.74950949401981	9.243968552956167
172.10.1.6	15.716658220854502	18.360641663797946	9.237566358229774
172.10.1.63	15.55983838980736	17.75102887413706	9.238927828828094
172.10.1.78	15.566321809428478	17.779722744353727	9.237955539009157
172.10.1.84	15.576572475154611	17.84175137117001	9.241451367001236
172.10.1.90	15.619885614971857	17.997600684538938	9.246093541682
172.10.1.99	15.59602925240776	17.90085850506841	9.246382963323112
172.10.2.104	15.401237985362808	18.094026991869214	8.959954084268098
172.10.2.110	15.44036699172672	18.219946945388145	8.960724500330858
172.10.2.119	15.226864781303306	17.587030772656874	8.932080438103307
172.10.2.125	15.341620120910578	17.923674211849686	8.961109485898655
172.10.2.131	15.591147081556096	18.555508428527318	8.965973184210347
172.10.2.14	14.869823633031425	18.605276221760516	6.569481420414296
172.10.2.146	15.292467953981406	17.706045254533056	8.972463821059907
172.10.2.20	15.181327939463557	18.97818479516907	6.522092798170152
172.10.2.29	15.249023134102949	19.037008195791113	6.648984550024776
172.10.2.35	15.239538710008608	18.993226436372577	6.672032945461067
172.10.2.41	15.264916093922494	18.923317268386015	6.637258031284457
172.10.2.56	15.269990998535263	17.68713914411551	8.951699168308815
172.10.2.62	15.607446344980767	18.601417879547043	8.980927207648378
172.10.2.77	15.247672244490397	17.603924031625983	8.941283763647567
172.10.2.8	14.4526115882427	18.078531897827286	6.5638555265321274
172.10.2.83	15.498048920886841	18.35944455078929	8.954673628956414
172.10.2.98	15.510700387935143	18.343397026761917	8.991437814919227
172.20.0.15	16.609762124752184	14.638506797171145	12.173017287455819
172.20.0.6	10.274568233782462	10.084391438242461	5.659482215759621
172.20.1.103	14.505520823547064	18.07576047094835	6.53813982376767
172.20.1.118	14.545048971702586	18.067684240533932	6.584791392385716
172.20.1.124	14.598552371599975	18.21737947601077	6.447305862541213
172.20.1.130	14.463702212722357	17.989576345420737	6.415096959171596
172.20.1.139	14.154077028716994	17.653986738381573	6.437751649736401
172.20.1.14	16.749670626511655	20.399869340213133	8.251924713801357
172.20.1.145	14.451959865677809	18.015011875086387	6.508769136971682
172.20.1.151	14.445251376252866	18.04182773187624	6.481577129276431
172.20.1.166	14.496484443716485	18.056704193761707	6.54965074223381
172.20.1.172	14.831761007406477	18.43929912128167	6.54965074223381
172.20.1.187	14.506258863522966	18.02002902786374	6.520621127558696
172.20.1.193	14.864490628034611	18.473876712107636	6.679599185844383
172.20.1.20	16.637363260676242	20.264842384286872	8.263590432617319
172.20.1.205	19.181216036394403	22.976417756034568	9.324115386235027
172.20.1.211	19.13768718996539	22.933162073504064	9.319912008405474
172.20.1.226	19.21808934939109	23.006456952655487	9.340315448397929
172.20.1.232	19.205228549228487	22.997317116971885	9.324293862052029
172.20.1.247	19.129984973579457	22.92514843837997	9.302828391411333
172.20.1.253	19.14753527466543	22.939732292449403	9.323043861889268
172.20.1.29	16.690206929774835	20.323643708835043	8.258163361537619
172.20.1.35	16.866717840337845	20.495855409198445	8.355850041007475
172.20.1.41	16.656209987698745	20.26691684378915	8.34924780056679
172.20.1.56	16.842945935043417	20.51761092399436	8.395251520610994
172.20.1.62	16.76073512321399	20.414457309565194	8.316789127071518
172.20.1.77	16.624553128248554	20.23022109060059	8.310169021981912
172.20.1.8	16.473979331931062	20.092785778173077	8.253748343328501
172.20.1.83	16.63289361452527	20.261046469963734	8.288534459413917
172.20.1.98	16.783614921404098	20.414637119299446	8.34924780056679
172.20.2.1	15.297000092275482	18.98485528496479	6.810142450115136
172.20.2.108	16.777697268195347	20.41576972041328	8.31752199628717
172.20.2.114	16.755673354649097	20.409466283694854	8.282988692742602
172.20.2.120	16.60688877190262	20.22375885169796	8.23031079913502
172.20.2.129	16.737159328295945	20.37688622940324	8.311889558230359
172.20.2.13	16.26611531733104	20.033047475206335	6.9930151229329605
172.20.2.135	16.64306568918912	20.271811259010462	8.295548516225763
172.20.2.141	16.64820035322803	20.284648141274083	8.286017468404763
172.20.2.28	15.809622943291238	19.50391465926345	6.835184586147301
172.20.2.34	15.118274386012986	18.747228199608294	6.80903930604298
172.20.2.40	15.646700173541152	19.322477856932526	6.814542897259958
172.20.2.49	16.85151035234639	20.48284026176942	8.299534570332597
172.20.2.55	16.80253825638912	20.43409494074637	8.323851131338817
172.20.2.61	16.745372276951276	20.366957054533792	8.27893600229198
172.20.2.76	16.643940361464548	20.232456954807393	8.29529885950246
172.20.2.82	16.844917520795953	20.49262030476015	8.329658067569396
172.20.2.97	16.73701102862091	20.367236507410986	8.286521373681236
172.30.0.8	10.211560314635642	10.013238416495247	5.602118820879701
172.30.1.1	14.961061138413974	17.736952763121412	8.428361977709622
172.30.1.107	15.23637106653381	18.3701500324088	8.448485993406447
172.30.1.113	15.35783426169033	18.597384718301168	8.407601514786142
172.30.1.128	15.127934995517707	18.127486400142917	8.42463920980563
172.30.1.13	15.234085015244396	18.320539948488495	8.47907586930311
172.30.1.134	14.99820017350358	17.870789897610475	8.403800504061147
172.30.1.140	15.140598174742285	18.190795896072316	8.399535147948004
172.30.1.149	15.221397475297351	18.35096490761787	8.43076346341785
172.30.1.155	15.52285364392851	18.77025619301072	8.469682208745185
172.30.1.161	15.060691138387183	17.951159430373725	8.46168048148598
172.30.1.176	15.253982197642554	18.370025887824994	8.45126704130007
172.30.1.182	15.17709615636338	18.191003444114916	8.429454277108231
172.30.1.197	15.270277488570835	18.42914563545291	8.41027590907016
172.30.1.200	14.916470089700733	17.76006882478514	8.33375100695358
172.30.1.209	17.192600646536505	20.819974236966917	9.001715906761175
172.30.1.215	17.59118852474717	21.26250325024067	9.052164937010307
172.30.1.221	17.18284511133892	20.837342296172224	8.990939806940807
172.30.1.236	17.445595893555396	21.100771602741418	9.016148642611741
172.30.1.242	17.437039407404033	21.086884610799686	9.036938912556787
172.30.1.28	15.096469125342972	18.00970036465835	8.465689348549121
172.30.1.34	14.865340782430147	17.456195018259763	8.432941638968646
172.30.1.40	15.261281117008364	18.330205666180078	8.467582690862903
172.30.1.49	15.173649499140865	18.193816692653378	8.473241303887054
172.30.1.55	15.173240050227141	18.171960184397715	8.484669999710677
172.30.1.61	15.158639294991637	18.134222708727936	8.471777327885755
172.30.1.76	15.032496522641223	17.806148181061438	8.495765244002618
172.30.1.82	15.245767496806208	18.349961551086896	8.474285690404962
172.30.1.97	15.310239953561547	18.45866139046381	8.46779284112111
172.30.2.103	15.212216034848767	18.235475413076035	8.474703139795285
172.30.2.118	15.158782588933303	18.131875587744716	8.461257559085935
172.30.2.12	15.961047377157433	19.693052348940117	6.900730664045173
172.30.2.124	15.215904057463643	18.264597239088328	8.476579508530941
172.30.2.130	15.0729195739895	17.929047839304147	8.45638105201948
172.30.2.139	15.384413518010918	18.571601223724887	8.469472455204826
172.30.2.145	15.291140239457661	18.305201798091243	8.538367426647644
172.30.2.27	16.637088412673222	20.38959216807885	7.112327444710911
172.30.2.3	15.86030915251307	19.60205253876037	6.884486652042782
172.30.2.33	16.200760671209014	19.953899643399343	6.932447891572509
172.30.2.48	15.312758912039842	18.448543535965765	8.469262657658687
172.30.2.54	15.219383752052181	18.26616373703553	8.483429561263428
172.30.2.60	15.505034438674619	18.745244751072846	8.48301573961465
172.30.2.69	15.396564427856369	18.549925882450108	8.472823243680297
172.30.2.75	15.04587219402375	17.880818662998898	8.452974619089586
172.30.2.81	15.260292199589571	18.260757349020942	8.519390774959724
172.30.2.96	15.444957350932697	18.630914967296242	8.508555998020574
192.168.3.15	7.138866999945524	NULL	1.3862943611198906
